grouped_linked_trip_mode,grouped_tour_mode,trips,purpose
All,All,12929329.15984672,Total
DRIVEALONE,All,5676498.220279305,Total
SHARED2,All,2711619.7715306785,Total
SHARED3,All,2432532.766469347,Total
WALK,All,1691624.513737501,Total
BIKE,All,152621.03492076733,Total
WALK-TRANSIT,All,129816.91439121708,Total
PNR-TRANSIT,All,9159.27528574814,Total
KNR-TRANSIT,All,24497.89472915896,Total
TNC-TRANSIT,All,179.1126537142128,Total
TAXI,All,22366.19057269406,Total
TNC-REG,All,25107.272009600987,Total
TNC-SHARED,All,0.0,Total
SCHOOLBUS,All,13019.9328298986,Total
ESCOOTER,All,8955.813478970831,Total
EBIKE,All,11341.635976500722,Total
All,DRIVEALONE,4507627.8538897,Total
DRIVEALONE,DRIVEALONE,4340990.674491175,Total
SHARED2,DRIVEALONE,3861.39776338285,Total
SHARED3,DRIVEALONE,4771.267329958026,Total
WALK,DRIVEALONE,132033.00266367206,Total
BIKE,DRIVEALONE,24057.007178104057,Total
WALK-TRANSIT,DRIVEALONE,0.0,Total
PNR-TRANSIT,DRIVEALONE,0.0,Total
KNR-TRANSIT,DRIVEALONE,0.0,Total
TNC-TRANSIT,DRIVEALONE,0.0,Total
TAXI,DRIVEALONE,0.0,Total
TNC-REG,DRIVEALONE,525.6523208568176,Total
TNC-SHARED,DRIVEALONE,0.0,Total
SCHOOLBUS,DRIVEALONE,0.0,Total
ESCOOTER,DRIVEALONE,265.422987857664,Total
EBIKE,DRIVEALONE,1123.4291546930294,Total
All,SHARED2,3242403.5211425098,Total
DRIVEALONE,SHARED2,745820.3390149088,Total
SHARED2,SHARED2,2371453.5693519283,Total
SHARED3,SHARED2,3480.220539180109,Total
WALK,SHARED2,115507.50003869936,Total
BIKE,SHARED2,623.9050605332944,Total
WALK-TRANSIT,SHARED2,0.0,Total
PNR-TRANSIT,SHARED2,0.0,Total
KNR-TRANSIT,SHARED2,0.0,Total
TNC-TRANSIT,SHARED2,0.0,Total
TAXI,SHARED2,8.61696435336093,Total
TNC-REG,SHARED2,2096.851576928192,Total
TNC-SHARED,SHARED2,0.0,Total
SCHOOLBUS,SHARED2,0.0,Total
ESCOOTER,SHARED2,3412.51859597862,Total
EBIKE,SHARED2,0.0,Total
All,SHARED3,3521206.912394677,Total
DRIVEALONE,SHARED3,576501.1369627443,Total
SHARED2,SHARED3,331585.4395819447,Total
SHARED3,SHARED3,2382252.4749503382,Total
WALK,SHARED3,226405.65472743247,Total
BIKE,SHARED3,246.5391143474557,Total
WALK-TRANSIT,SHARED3,0.0,Total
PNR-TRANSIT,SHARED3,0.0,Total
KNR-TRANSIT,SHARED3,0.0,Total
TNC-TRANSIT,SHARED3,0.0,Total
TAXI,SHARED3,0.0,Total
TNC-REG,SHARED3,1443.4560886310142,Total
TNC-SHARED,SHARED3,0.0,Total
SCHOOLBUS,SHARED3,0.0,Total
ESCOOTER,SHARED3,1701.26734129026,Total
EBIKE,SHARED3,1070.94362794873,Total
All,WALK,1180943.6418395666,Total
DRIVEALONE,WALK,4495.346648197389,Total
SHARED2,WALK,303.243759899992,Total
SHARED3,WALK,29.7844898987277,Total
WALK,WALK,1176115.2669415704,Total
BIKE,WALK,0.0,Total
WALK-TRANSIT,WALK,0.0,Total
PNR-TRANSIT,WALK,0.0,Total
KNR-TRANSIT,WALK,0.0,Total
TNC-TRANSIT,WALK,0.0,Total
TAXI,WALK,0.0,Total
TNC-REG,WALK,0.0,Total
TNC-SHARED,WALK,0.0,Total
SCHOOLBUS,WALK,0.0,Total
ESCOOTER,WALK,0.0,Total
EBIKE,WALK,0.0,Total
All,BIKE,171792.55897695987,Total
DRIVEALONE,BIKE,0.0,Total
SHARED2,BIKE,41.7395962064835,Total
SHARED3,BIKE,32195.979303624143,Total
WALK,BIKE,11866.93518578854,Total
BIKE,BIKE,127687.9048913407,Total
WALK-TRANSIT,BIKE,0.0,Total
PNR-TRANSIT,BIKE,0.0,Total
KNR-TRANSIT,BIKE,0.0,Total
TNC-TRANSIT,BIKE,0.0,Total
TAXI,BIKE,0.0,Total
TNC-REG,BIKE,0.0,Total
TNC-SHARED,BIKE,0.0,Total
SCHOOLBUS,BIKE,0.0,Total
ESCOOTER,BIKE,0.0,Total
EBIKE,BIKE,0.0,Total
All,WALK-TRANSIT,219331.70408164884,Total
DRIVEALONE,WALK-TRANSIT,8690.723162279459,Total
SHARED2,WALK-TRANSIT,4374.381477316148,Total
SHARED3,WALK-TRANSIT,9803.03985634747,Total
WALK,WALK-TRANSIT,29696.154180338268,Total
BIKE,WALK-TRANSIT,5.67867644181647,Total
WALK-TRANSIT,WALK-TRANSIT,129816.91439121708,Total
PNR-TRANSIT,WALK-TRANSIT,0.0,Total
KNR-TRANSIT,WALK-TRANSIT,0.0,Total
TNC-TRANSIT,WALK-TRANSIT,0.0,Total
TAXI,WALK-TRANSIT,0.0,Total
TNC-REG,WALK-TRANSIT,4462.545614378751,Total
TNC-SHARED,WALK-TRANSIT,0.0,Total
SCHOOLBUS,WALK-TRANSIT,0.0,Total
ESCOOTER,WALK-TRANSIT,28.038125525595497,Total
EBIKE,WALK-TRANSIT,0.0,Total
All,PNR-TRANSIT,3693.256163608121,Total
DRIVEALONE,PNR-TRANSIT,0.0,Total
SHARED2,PNR-TRANSIT,0.0,Total
SHARED3,PNR-TRANSIT,0.0,Total
WALK,PNR-TRANSIT,0.0,Total
BIKE,PNR-TRANSIT,0.0,Total
WALK-TRANSIT,PNR-TRANSIT,0.0,Total
PNR-TRANSIT,PNR-TRANSIT,9159.27528574814,Total
KNR-TRANSIT,PNR-TRANSIT,0.0,Total
TNC-TRANSIT,PNR-TRANSIT,0.0,Total
TAXI,PNR-TRANSIT,0.0,Total
TNC-REG,PNR-TRANSIT,0.0,Total
TNC-SHARED,PNR-TRANSIT,0.0,Total
SCHOOLBUS,PNR-TRANSIT,0.0,Total
ESCOOTER,PNR-TRANSIT,0.0,Total
EBIKE,PNR-TRANSIT,0.0,Total
All,KNR-TRANSIT,17498.496235113544,Total
DRIVEALONE,KNR-TRANSIT,0.0,Total
SHARED2,KNR-TRANSIT,0.0,Total
SHARED3,KNR-TRANSIT,0.0,Total
WALK,KNR-TRANSIT,0.0,Total
BIKE,KNR-TRANSIT,0.0,Total
WALK-TRANSIT,KNR-TRANSIT,0.0,Total
PNR-TRANSIT,KNR-TRANSIT,0.0,Total
KNR-TRANSIT,KNR-TRANSIT,24497.89472915896,Total
TNC-TRANSIT,KNR-TRANSIT,0.0,Total
TAXI,KNR-TRANSIT,0.0,Total
TNC-REG,KNR-TRANSIT,0.0,Total
TNC-SHARED,KNR-TRANSIT,0.0,Total
SCHOOLBUS,KNR-TRANSIT,0.0,Total
ESCOOTER,KNR-TRANSIT,0.0,Total
EBIKE,KNR-TRANSIT,0.0,Total
All,TNC-TRANSIT,179.1126537142128,Total
DRIVEALONE,TNC-TRANSIT,0.0,Total
SHARED2,TNC-TRANSIT,0.0,Total
SHARED3,TNC-TRANSIT,0.0,Total
WALK,TNC-TRANSIT,0.0,Total
BIKE,TNC-TRANSIT,0.0,Total
WALK-TRANSIT,TNC-TRANSIT,0.0,Total
PNR-TRANSIT,TNC-TRANSIT,0.0,Total
KNR-TRANSIT,TNC-TRANSIT,0.0,Total
TNC-TRANSIT,TNC-TRANSIT,179.1126537142128,Total
TAXI,TNC-TRANSIT,0.0,Total
TNC-REG,TNC-TRANSIT,0.0,Total
TNC-SHARED,TNC-TRANSIT,0.0,Total
SCHOOLBUS,TNC-TRANSIT,0.0,Total
ESCOOTER,TNC-TRANSIT,0.0,Total
EBIKE,TNC-TRANSIT,0.0,Total
All,TAXI,22357.573608340703,Total
DRIVEALONE,TAXI,0.0,Total
SHARED2,TAXI,0.0,Total
SHARED3,TAXI,0.0,Total
WALK,TAXI,0.0,Total
BIKE,TAXI,0.0,Total
WALK-TRANSIT,TAXI,0.0,Total
PNR-TRANSIT,TAXI,0.0,Total
KNR-TRANSIT,TAXI,0.0,Total
TNC-TRANSIT,TAXI,0.0,Total
TAXI,TAXI,22357.573608340703,Total
TNC-REG,TAXI,0.0,Total
TNC-SHARED,TAXI,0.0,Total
SCHOOLBUS,TAXI,0.0,Total
ESCOOTER,TAXI,0.0,Total
EBIKE,TAXI,0.0,Total
All,TNC-REG,16578.766408806216,Total
DRIVEALONE,TNC-REG,0.0,Total
SHARED2,TNC-REG,0.0,Total
SHARED3,TNC-REG,0.0,Total
WALK,TNC-REG,0.0,Total
BIKE,TNC-REG,0.0,Total
WALK-TRANSIT,TNC-REG,0.0,Total
PNR-TRANSIT,TNC-REG,0.0,Total
KNR-TRANSIT,TNC-REG,0.0,Total
TNC-TRANSIT,TNC-REG,0.0,Total
TAXI,TNC-REG,0.0,Total
TNC-REG,TNC-REG,16578.766408806216,Total
TNC-SHARED,TNC-REG,0.0,Total
SCHOOLBUS,TNC-REG,0.0,Total
ESCOOTER,TNC-REG,0.0,Total
EBIKE,TNC-REG,0.0,Total
All,TNC-SHARED,0.0,Total
DRIVEALONE,TNC-SHARED,0.0,Total
SHARED2,TNC-SHARED,0.0,Total
SHARED3,TNC-SHARED,0.0,Total
WALK,TNC-SHARED,0.0,Total
BIKE,TNC-SHARED,0.0,Total
WALK-TRANSIT,TNC-SHARED,0.0,Total
PNR-TRANSIT,TNC-SHARED,0.0,Total
KNR-TRANSIT,TNC-SHARED,0.0,Total
TNC-TRANSIT,TNC-SHARED,0.0,Total
TAXI,TNC-SHARED,0.0,Total
TNC-REG,TNC-SHARED,0.0,Total
TNC-SHARED,TNC-SHARED,0.0,Total
SCHOOLBUS,TNC-SHARED,0.0,Total
ESCOOTER,TNC-SHARED,0.0,Total
EBIKE,TNC-SHARED,0.0,Total
All,SCHOOLBUS,13019.9328298986,Total
DRIVEALONE,SCHOOLBUS,0.0,Total
SHARED2,SCHOOLBUS,0.0,Total
SHARED3,SCHOOLBUS,0.0,Total
WALK,SCHOOLBUS,0.0,Total
BIKE,SCHOOLBUS,0.0,Total
WALK-TRANSIT,SCHOOLBUS,0.0,Total
PNR-TRANSIT,SCHOOLBUS,0.0,Total
KNR-TRANSIT,SCHOOLBUS,0.0,Total
TNC-TRANSIT,SCHOOLBUS,0.0,Total
TAXI,SCHOOLBUS,0.0,Total
TNC-REG,SCHOOLBUS,0.0,Total
TNC-SHARED,SCHOOLBUS,0.0,Total
SCHOOLBUS,SCHOOLBUS,13019.9328298986,Total
ESCOOTER,SCHOOLBUS,0.0,Total
EBIKE,SCHOOLBUS,0.0,Total
All,ESCOOTER,3548.566428318692,Total
DRIVEALONE,ESCOOTER,0.0,Total
SHARED2,ESCOOTER,0.0,Total
SHARED3,ESCOOTER,0.0,Total
WALK,ESCOOTER,0.0,Total
BIKE,ESCOOTER,0.0,Total
WALK-TRANSIT,ESCOOTER,0.0,Total
PNR-TRANSIT,ESCOOTER,0.0,Total
KNR-TRANSIT,ESCOOTER,0.0,Total
TNC-TRANSIT,ESCOOTER,0.0,Total
TAXI,ESCOOTER,0.0,Total
TNC-REG,ESCOOTER,0.0,Total
TNC-SHARED,ESCOOTER,0.0,Total
SCHOOLBUS,ESCOOTER,0.0,Total
ESCOOTER,ESCOOTER,3548.566428318692,Total
EBIKE,ESCOOTER,0.0,Total
All,EBIKE,9147.263193858962,Total
DRIVEALONE,EBIKE,0.0,Total
SHARED2,EBIKE,0.0,Total
SHARED3,EBIKE,0.0,Total
WALK,EBIKE,0.0,Total
BIKE,EBIKE,0.0,Total
WALK-TRANSIT,EBIKE,0.0,Total
PNR-TRANSIT,EBIKE,0.0,Total
KNR-TRANSIT,EBIKE,0.0,Total
TNC-TRANSIT,EBIKE,0.0,Total
TAXI,EBIKE,0.0,Total
TNC-REG,EBIKE,0.0,Total
TNC-SHARED,EBIKE,0.0,Total
SCHOOLBUS,EBIKE,0.0,Total
ESCOOTER,EBIKE,0.0,Total
EBIKE,EBIKE,9147.263193858962,Total
All,All,2138059.5636058664,Work
DRIVEALONE,All,1682389.6098594232,Work
SHARED2,All,184132.60760422188,Work
SHARED3,All,142041.64285589603,Work
WALK,All,75200.93562080494,Work
BIKE,All,22083.620085402425,Work
WALK-TRANSIT,All,17886.05787609128,Work
PNR-TRANSIT,All,3996.3279316363664,Work
KNR-TRANSIT,All,6125.567090945946,Work
TNC-TRANSIT,All,9.8773380966108,Work
TAXI,All,0.0,Work
TNC-REG,All,3301.686616606229,Work
TNC-SHARED,All,0.0,Work
SCHOOLBUS,All,0.0,Work
ESCOOTER,All,0.0,Work
EBIKE,All,555.1836622604703,Work
All,DRIVEALONE,1442772.3206452795,Work
DRIVEALONE,DRIVEALONE,1403406.00875088,Work
SHARED2,DRIVEALONE,0.0,Work
SHARED3,DRIVEALONE,32.4254645800559,Work
WALK,DRIVEALONE,38382.7775924829,Work
BIKE,DRIVEALONE,895.349888128709,Work
WALK-TRANSIT,DRIVEALONE,0.0,Work
PNR-TRANSIT,DRIVEALONE,0.0,Work
KNR-TRANSIT,DRIVEALONE,0.0,Work
TNC-TRANSIT,DRIVEALONE,0.0,Work
TAXI,DRIVEALONE,0.0,Work
TNC-REG,DRIVEALONE,0.0,Work
TNC-SHARED,DRIVEALONE,0.0,Work
SCHOOLBUS,DRIVEALONE,0.0,Work
ESCOOTER,DRIVEALONE,0.0,Work
EBIKE,DRIVEALONE,55.7589492081143,Work
All,SHARED2,300549.2357057859,Work
DRIVEALONE,SHARED2,146967.164173856,Work
SHARED2,SHARED2,138014.954625425,Work
SHARED3,SHARED2,0.0,Work
WALK,SHARED2,13690.1551698794,Work
BIKE,SHARED2,31.5292524838978,Work
WALK-TRANSIT,SHARED2,0.0,Work
PNR-TRANSIT,SHARED2,0.0,Work
KNR-TRANSIT,SHARED2,0.0,Work
TNC-TRANSIT,SHARED2,0.0,Work
TAXI,SHARED2,0.0,Work
TNC-REG,SHARED2,1845.43248414165,Work
TNC-SHARED,SHARED2,0.0,Work
SCHOOLBUS,SHARED2,0.0,Work
ESCOOTER,SHARED2,0.0,Work
EBIKE,SHARED2,0.0,Work
All,SHARED3,321313.0276493672,Work
DRIVEALONE,SHARED3,131893.985166703,Work
SHARED2,SHARED3,43928.4385673894,Work
SHARED3,SHARED3,141545.387413555,Work
WALK,SHARED3,3945.21650171977,Work
BIKE,SHARED3,0.0,Work
WALK-TRANSIT,SHARED3,0.0,Work
PNR-TRANSIT,SHARED3,0.0,Work
KNR-TRANSIT,SHARED3,0.0,Work
TNC-TRANSIT,SHARED3,0.0,Work
TAXI,SHARED3,0.0,Work
TNC-REG,SHARED3,0.0,Work
TNC-SHARED,SHARED3,0.0,Work
SCHOOLBUS,SHARED3,0.0,Work
ESCOOTER,SHARED3,0.0,Work
EBIKE,SHARED3,0.0,Work
All,WALK,18466.2865770529,Work
DRIVEALONE,WALK,0.0,Work
SHARED2,WALK,0.0,Work
SHARED3,WALK,0.0,Work
WALK,WALK,18466.2865770529,Work
BIKE,WALK,0.0,Work
WALK-TRANSIT,WALK,0.0,Work
PNR-TRANSIT,WALK,0.0,Work
KNR-TRANSIT,WALK,0.0,Work
TNC-TRANSIT,WALK,0.0,Work
TAXI,WALK,0.0,Work
TNC-REG,WALK,0.0,Work
TNC-SHARED,WALK,0.0,Work
SCHOOLBUS,WALK,0.0,Work
ESCOOTER,WALK,0.0,Work
EBIKE,WALK,0.0,Work
All,BIKE,21151.062268348,Work
DRIVEALONE,BIKE,0.0,Work
SHARED2,BIKE,0.0,Work
SHARED3,BIKE,0.0,Work
WALK,BIKE,0.0,Work
BIKE,BIKE,21151.062268348,Work
WALK-TRANSIT,BIKE,0.0,Work
PNR-TRANSIT,BIKE,0.0,Work
KNR-TRANSIT,BIKE,0.0,Work
TNC-TRANSIT,BIKE,0.0,Work
TAXI,BIKE,0.0,Work
TNC-REG,BIKE,0.0,Work
TNC-SHARED,BIKE,0.0,Work
SCHOOLBUS,BIKE,0.0,Work
ESCOOTER,BIKE,0.0,Work
EBIKE,BIKE,0.0,Work
All,WALK-TRANSIT,25998.828889295888,Work
DRIVEALONE,WALK-TRANSIT,122.451767984366,Work
SHARED2,WALK-TRANSIT,2189.2144114075,Work
SHARED3,WALK-TRANSIT,463.829977760961,Work
WALK,WALK-TRANSIT,716.499779669986,Work
BIKE,WALK-TRANSIT,5.67867644181647,Work
WALK-TRANSIT,WALK-TRANSIT,17886.05787609128,Work
PNR-TRANSIT,WALK-TRANSIT,0.0,Work
KNR-TRANSIT,WALK-TRANSIT,0.0,Work
TNC-TRANSIT,WALK-TRANSIT,0.0,Work
TAXI,WALK-TRANSIT,0.0,Work
TNC-REG,WALK-TRANSIT,143.581930917159,Work
TNC-SHARED,WALK-TRANSIT,0.0,Work
SCHOOLBUS,WALK-TRANSIT,0.0,Work
ESCOOTER,WALK-TRANSIT,0.0,Work
EBIKE,WALK-TRANSIT,0.0,Work
All,PNR-TRANSIT,1611.42255307918,Work
DRIVEALONE,PNR-TRANSIT,0.0,Work
SHARED2,PNR-TRANSIT,0.0,Work
SHARED3,PNR-TRANSIT,0.0,Work
WALK,PNR-TRANSIT,0.0,Work
BIKE,PNR-TRANSIT,0.0,Work
WALK-TRANSIT,PNR-TRANSIT,0.0,Work
PNR-TRANSIT,PNR-TRANSIT,3996.3279316363664,Work
KNR-TRANSIT,PNR-TRANSIT,0.0,Work
TNC-TRANSIT,PNR-TRANSIT,0.0,Work
TAXI,PNR-TRANSIT,0.0,Work
TNC-REG,PNR-TRANSIT,0.0,Work
TNC-SHARED,PNR-TRANSIT,0.0,Work
SCHOOLBUS,PNR-TRANSIT,0.0,Work
ESCOOTER,PNR-TRANSIT,0.0,Work
EBIKE,PNR-TRANSIT,0.0,Work
All,KNR-TRANSIT,4375.40506496139,Work
DRIVEALONE,KNR-TRANSIT,0.0,Work
SHARED2,KNR-TRANSIT,0.0,Work
SHARED3,KNR-TRANSIT,0.0,Work
WALK,KNR-TRANSIT,0.0,Work
BIKE,KNR-TRANSIT,0.0,Work
WALK-TRANSIT,KNR-TRANSIT,0.0,Work
PNR-TRANSIT,KNR-TRANSIT,0.0,Work
KNR-TRANSIT,KNR-TRANSIT,6125.567090945946,Work
TNC-TRANSIT,KNR-TRANSIT,0.0,Work
TAXI,KNR-TRANSIT,0.0,Work
TNC-REG,KNR-TRANSIT,0.0,Work
TNC-SHARED,KNR-TRANSIT,0.0,Work
SCHOOLBUS,KNR-TRANSIT,0.0,Work
ESCOOTER,KNR-TRANSIT,0.0,Work
EBIKE,KNR-TRANSIT,0.0,Work
All,TNC-TRANSIT,9.8773380966108,Work
DRIVEALONE,TNC-TRANSIT,0.0,Work
SHARED2,TNC-TRANSIT,0.0,Work
SHARED3,TNC-TRANSIT,0.0,Work
WALK,TNC-TRANSIT,0.0,Work
BIKE,TNC-TRANSIT,0.0,Work
WALK-TRANSIT,TNC-TRANSIT,0.0,Work
PNR-TRANSIT,TNC-TRANSIT,0.0,Work
KNR-TRANSIT,TNC-TRANSIT,0.0,Work
TNC-TRANSIT,TNC-TRANSIT,9.8773380966108,Work
TAXI,TNC-TRANSIT,0.0,Work
TNC-REG,TNC-TRANSIT,0.0,Work
TNC-SHARED,TNC-TRANSIT,0.0,Work
SCHOOLBUS,TNC-TRANSIT,0.0,Work
ESCOOTER,TNC-TRANSIT,0.0,Work
EBIKE,TNC-TRANSIT,0.0,Work
All,TAXI,0.0,Work
DRIVEALONE,TAXI,0.0,Work
SHARED2,TAXI,0.0,Work
SHARED3,TAXI,0.0,Work
WALK,TAXI,0.0,Work
BIKE,TAXI,0.0,Work
WALK-TRANSIT,TAXI,0.0,Work
PNR-TRANSIT,TAXI,0.0,Work
KNR-TRANSIT,TAXI,0.0,Work
TNC-TRANSIT,TAXI,0.0,Work
TAXI,TAXI,0.0,Work
TNC-REG,TAXI,0.0,Work
TNC-SHARED,TAXI,0.0,Work
SCHOOLBUS,TAXI,0.0,Work
ESCOOTER,TAXI,0.0,Work
EBIKE,TAXI,0.0,Work
All,TNC-REG,1312.67220154742,Work
DRIVEALONE,TNC-REG,0.0,Work
SHARED2,TNC-REG,0.0,Work
SHARED3,TNC-REG,0.0,Work
WALK,TNC-REG,0.0,Work
BIKE,TNC-REG,0.0,Work
WALK-TRANSIT,TNC-REG,0.0,Work
PNR-TRANSIT,TNC-REG,0.0,Work
KNR-TRANSIT,TNC-REG,0.0,Work
TNC-TRANSIT,TNC-REG,0.0,Work
TAXI,TNC-REG,0.0,Work
TNC-REG,TNC-REG,1312.67220154742,Work
TNC-SHARED,TNC-REG,0.0,Work
SCHOOLBUS,TNC-REG,0.0,Work
ESCOOTER,TNC-REG,0.0,Work
EBIKE,TNC-REG,0.0,Work
All,TNC-SHARED,0.0,Work
DRIVEALONE,TNC-SHARED,0.0,Work
SHARED2,TNC-SHARED,0.0,Work
SHARED3,TNC-SHARED,0.0,Work
WALK,TNC-SHARED,0.0,Work
BIKE,TNC-SHARED,0.0,Work
WALK-TRANSIT,TNC-SHARED,0.0,Work
PNR-TRANSIT,TNC-SHARED,0.0,Work
KNR-TRANSIT,TNC-SHARED,0.0,Work
TNC-TRANSIT,TNC-SHARED,0.0,Work
TAXI,TNC-SHARED,0.0,Work
TNC-REG,TNC-SHARED,0.0,Work
TNC-SHARED,TNC-SHARED,0.0,Work
SCHOOLBUS,TNC-SHARED,0.0,Work
ESCOOTER,TNC-SHARED,0.0,Work
EBIKE,TNC-SHARED,0.0,Work
All,SCHOOLBUS,0.0,Work
DRIVEALONE,SCHOOLBUS,0.0,Work
SHARED2,SCHOOLBUS,0.0,Work
SHARED3,SCHOOLBUS,0.0,Work
WALK,SCHOOLBUS,0.0,Work
BIKE,SCHOOLBUS,0.0,Work
WALK-TRANSIT,SCHOOLBUS,0.0,Work
PNR-TRANSIT,SCHOOLBUS,0.0,Work
KNR-TRANSIT,SCHOOLBUS,0.0,Work
TNC-TRANSIT,SCHOOLBUS,0.0,Work
TAXI,SCHOOLBUS,0.0,Work
TNC-REG,SCHOOLBUS,0.0,Work
TNC-SHARED,SCHOOLBUS,0.0,Work
SCHOOLBUS,SCHOOLBUS,0.0,Work
ESCOOTER,SCHOOLBUS,0.0,Work
EBIKE,SCHOOLBUS,0.0,Work
All,ESCOOTER,0.0,Work
DRIVEALONE,ESCOOTER,0.0,Work
SHARED2,ESCOOTER,0.0,Work
SHARED3,ESCOOTER,0.0,Work
WALK,ESCOOTER,0.0,Work
BIKE,ESCOOTER,0.0,Work
WALK-TRANSIT,ESCOOTER,0.0,Work
PNR-TRANSIT,ESCOOTER,0.0,Work
KNR-TRANSIT,ESCOOTER,0.0,Work
TNC-TRANSIT,ESCOOTER,0.0,Work
TAXI,ESCOOTER,0.0,Work
TNC-REG,ESCOOTER,0.0,Work
TNC-SHARED,ESCOOTER,0.0,Work
SCHOOLBUS,ESCOOTER,0.0,Work
ESCOOTER,ESCOOTER,0.0,Work
EBIKE,ESCOOTER,0.0,Work
All,EBIKE,499.424713052356,Work
DRIVEALONE,EBIKE,0.0,Work
SHARED2,EBIKE,0.0,Work
SHARED3,EBIKE,0.0,Work
WALK,EBIKE,0.0,Work
BIKE,EBIKE,0.0,Work
WALK-TRANSIT,EBIKE,0.0,Work
PNR-TRANSIT,EBIKE,0.0,Work
KNR-TRANSIT,EBIKE,0.0,Work
TNC-TRANSIT,EBIKE,0.0,Work
TAXI,EBIKE,0.0,Work
TNC-REG,EBIKE,0.0,Work
TNC-SHARED,EBIKE,0.0,Work
SCHOOLBUS,EBIKE,0.0,Work
ESCOOTER,EBIKE,0.0,Work
EBIKE,EBIKE,499.424713052356,Work
All,All,173381.0237063428,University
DRIVEALONE,All,82882.35636654474,University
SHARED2,All,24754.22825999782,University
SHARED3,All,13455.940796575898,University
WALK,All,17462.154693575023,University
BIKE,All,575.771204061044,University
WALK-TRANSIT,All,21611.27556388104,University
PNR-TRANSIT,All,686.3203871736048,University
KNR-TRANSIT,All,389.9248763363631,University
TNC-TRANSIT,All,0.0,University
TAXI,All,0.0,University
TNC-REG,All,1577.416046452241,University
TNC-SHARED,All,0.0,University
SCHOOLBUS,All,0.0,University
ESCOOTER,All,5103.80202387078,University
EBIKE,All,0.0,University
All,DRIVEALONE,53749.91006781745,University
DRIVEALONE,DRIVEALONE,51726.8440315938,University
SHARED2,DRIVEALONE,0.0,University
SHARED3,DRIVEALONE,0.0,University
WALK,DRIVEALONE,1859.53992171209,University
BIKE,DRIVEALONE,0.0,University
WALK-TRANSIT,DRIVEALONE,0.0,University
PNR-TRANSIT,DRIVEALONE,0.0,University
KNR-TRANSIT,DRIVEALONE,0.0,University
TNC-TRANSIT,DRIVEALONE,0.0,University
TAXI,DRIVEALONE,0.0,University
TNC-REG,DRIVEALONE,163.526114511565,University
TNC-SHARED,DRIVEALONE,0.0,University
SCHOOLBUS,DRIVEALONE,0.0,University
ESCOOTER,DRIVEALONE,0.0,University
EBIKE,DRIVEALONE,0.0,University
All,SHARED2,32494.59385009309,University
DRIVEALONE,SHARED2,11456.5212309754,University
SHARED2,SHARED2,17556.7559835359,University
SHARED3,SHARED2,0.0,University
WALK,SHARED2,78.7819530012712,University
BIKE,SHARED2,0.0,University
WALK-TRANSIT,SHARED2,0.0,University
PNR-TRANSIT,SHARED2,0.0,University
KNR-TRANSIT,SHARED2,0.0,University
TNC-TRANSIT,SHARED2,0.0,University
TAXI,SHARED2,0.0,University
TNC-REG,SHARED2,0.0,University
TNC-SHARED,SHARED2,0.0,University
SCHOOLBUS,SHARED2,0.0,University
ESCOOTER,SHARED2,3402.53468258052,University
EBIKE,SHARED2,0.0,University
All,SHARED3,41058.771688108,University
DRIVEALONE,SHARED3,18923.5329571998,University
SHARED2,SHARED3,7133.26807390174,University
SHARED3,SHARED3,13300.7033157162,University
WALK,SHARED3,0.0,University
BIKE,SHARED3,0.0,University
WALK-TRANSIT,SHARED3,0.0,University
PNR-TRANSIT,SHARED3,0.0,University
KNR-TRANSIT,SHARED3,0.0,University
TNC-TRANSIT,SHARED3,0.0,University
TAXI,SHARED3,0.0,University
TNC-REG,SHARED3,0.0,University
TNC-SHARED,SHARED3,0.0,University
SCHOOLBUS,SHARED3,0.0,University
ESCOOTER,SHARED3,1701.26734129026,University
EBIKE,SHARED3,0.0,University
All,WALK,12194.681404129136,University
DRIVEALONE,WALK,715.468324936936,University
SHARED2,WALK,0.0,University
SHARED3,WALK,0.0,University
WALK,WALK,11479.2130791922,University
BIKE,WALK,0.0,University
WALK-TRANSIT,WALK,0.0,University
PNR-TRANSIT,WALK,0.0,University
KNR-TRANSIT,WALK,0.0,University
TNC-TRANSIT,WALK,0.0,University
TAXI,WALK,0.0,University
TNC-REG,WALK,0.0,University
TNC-SHARED,WALK,0.0,University
SCHOOLBUS,WALK,0.0,University
ESCOOTER,WALK,0.0,University
EBIKE,WALK,0.0,University
All,BIKE,632.7280404680225,University
DRIVEALONE,BIKE,0.0,University
SHARED2,BIKE,0.0,University
SHARED3,BIKE,0.0,University
WALK,BIKE,56.9568364069785,University
BIKE,BIKE,575.771204061044,University
WALK-TRANSIT,BIKE,0.0,University
PNR-TRANSIT,BIKE,0.0,University
KNR-TRANSIT,BIKE,0.0,University
TNC-TRANSIT,BIKE,0.0,University
TAXI,BIKE,0.0,University
TNC-REG,BIKE,0.0,University
TNC-SHARED,BIKE,0.0,University
SCHOOLBUS,BIKE,0.0,University
ESCOOTER,BIKE,0.0,University
EBIKE,BIKE,0.0,University
All,WALK-TRANSIT,31736.174091157834,University
DRIVEALONE,WALK-TRANSIT,59.9898218388127,University
SHARED2,WALK-TRANSIT,64.2042025601834,University
SHARED3,WALK-TRANSIT,155.237480859698,University
WALK,WALK-TRANSIT,3987.66290326248,University
BIKE,WALK-TRANSIT,0.0,University
WALK-TRANSIT,WALK-TRANSIT,21611.27556388104,University
PNR-TRANSIT,WALK-TRANSIT,0.0,University
KNR-TRANSIT,WALK-TRANSIT,0.0,University
TNC-TRANSIT,WALK-TRANSIT,0.0,University
TAXI,WALK-TRANSIT,0.0,University
TNC-REG,WALK-TRANSIT,454.98522778536,University
TNC-SHARED,WALK-TRANSIT,0.0,University
SCHOOLBUS,WALK-TRANSIT,0.0,University
ESCOOTER,WALK-TRANSIT,0.0,University
EBIKE,WALK-TRANSIT,0.0,University
All,PNR-TRANSIT,276.74209160226,University
DRIVEALONE,PNR-TRANSIT,0.0,University
SHARED2,PNR-TRANSIT,0.0,University
SHARED3,PNR-TRANSIT,0.0,University
WALK,PNR-TRANSIT,0.0,University
BIKE,PNR-TRANSIT,0.0,University
WALK-TRANSIT,PNR-TRANSIT,0.0,University
PNR-TRANSIT,PNR-TRANSIT,686.3203871736048,University
KNR-TRANSIT,PNR-TRANSIT,0.0,University
TNC-TRANSIT,PNR-TRANSIT,0.0,University
TAXI,PNR-TRANSIT,0.0,University
TNC-REG,PNR-TRANSIT,0.0,University
TNC-SHARED,PNR-TRANSIT,0.0,University
SCHOOLBUS,PNR-TRANSIT,0.0,University
ESCOOTER,PNR-TRANSIT,0.0,University
EBIKE,PNR-TRANSIT,0.0,University
All,KNR-TRANSIT,278.517768811688,University
DRIVEALONE,KNR-TRANSIT,0.0,University
SHARED2,KNR-TRANSIT,0.0,University
SHARED3,KNR-TRANSIT,0.0,University
WALK,KNR-TRANSIT,0.0,University
BIKE,KNR-TRANSIT,0.0,University
WALK-TRANSIT,KNR-TRANSIT,0.0,University
PNR-TRANSIT,KNR-TRANSIT,0.0,University
KNR-TRANSIT,KNR-TRANSIT,389.9248763363631,University
TNC-TRANSIT,KNR-TRANSIT,0.0,University
TAXI,KNR-TRANSIT,0.0,University
TNC-REG,KNR-TRANSIT,0.0,University
TNC-SHARED,KNR-TRANSIT,0.0,University
SCHOOLBUS,KNR-TRANSIT,0.0,University
ESCOOTER,KNR-TRANSIT,0.0,University
EBIKE,KNR-TRANSIT,0.0,University
All,TNC-TRANSIT,0.0,University
DRIVEALONE,TNC-TRANSIT,0.0,University
SHARED2,TNC-TRANSIT,0.0,University
SHARED3,TNC-TRANSIT,0.0,University
WALK,TNC-TRANSIT,0.0,University
BIKE,TNC-TRANSIT,0.0,University
WALK-TRANSIT,TNC-TRANSIT,0.0,University
PNR-TRANSIT,TNC-TRANSIT,0.0,University
KNR-TRANSIT,TNC-TRANSIT,0.0,University
TNC-TRANSIT,TNC-TRANSIT,0.0,University
TAXI,TNC-TRANSIT,0.0,University
TNC-REG,TNC-TRANSIT,0.0,University
TNC-SHARED,TNC-TRANSIT,0.0,University
SCHOOLBUS,TNC-TRANSIT,0.0,University
ESCOOTER,TNC-TRANSIT,0.0,University
EBIKE,TNC-TRANSIT,0.0,University
All,TAXI,0.0,University
DRIVEALONE,TAXI,0.0,University
SHARED2,TAXI,0.0,University
SHARED3,TAXI,0.0,University
WALK,TAXI,0.0,University
BIKE,TAXI,0.0,University
WALK-TRANSIT,TAXI,0.0,University
PNR-TRANSIT,TAXI,0.0,University
KNR-TRANSIT,TAXI,0.0,University
TNC-TRANSIT,TAXI,0.0,University
TAXI,TAXI,0.0,University
TNC-REG,TAXI,0.0,University
TNC-SHARED,TAXI,0.0,University
SCHOOLBUS,TAXI,0.0,University
ESCOOTER,TAXI,0.0,University
EBIKE,TAXI,0.0,University
All,TNC-REG,958.904704155316,University
DRIVEALONE,TNC-REG,0.0,University
SHARED2,TNC-REG,0.0,University
SHARED3,TNC-REG,0.0,University
WALK,TNC-REG,0.0,University
BIKE,TNC-REG,0.0,University
WALK-TRANSIT,TNC-REG,0.0,University
PNR-TRANSIT,TNC-REG,0.0,University
KNR-TRANSIT,TNC-REG,0.0,University
TNC-TRANSIT,TNC-REG,0.0,University
TAXI,TNC-REG,0.0,University
TNC-REG,TNC-REG,958.904704155316,University
TNC-SHARED,TNC-REG,0.0,University
SCHOOLBUS,TNC-REG,0.0,University
ESCOOTER,TNC-REG,0.0,University
EBIKE,TNC-REG,0.0,University
All,TNC-SHARED,0.0,University
DRIVEALONE,TNC-SHARED,0.0,University
SHARED2,TNC-SHARED,0.0,University
SHARED3,TNC-SHARED,0.0,University
WALK,TNC-SHARED,0.0,University
BIKE,TNC-SHARED,0.0,University
WALK-TRANSIT,TNC-SHARED,0.0,University
PNR-TRANSIT,TNC-SHARED,0.0,University
KNR-TRANSIT,TNC-SHARED,0.0,University
TNC-TRANSIT,TNC-SHARED,0.0,University
TAXI,TNC-SHARED,0.0,University
TNC-REG,TNC-SHARED,0.0,University
TNC-SHARED,TNC-SHARED,0.0,University
SCHOOLBUS,TNC-SHARED,0.0,University
ESCOOTER,TNC-SHARED,0.0,University
EBIKE,TNC-SHARED,0.0,University
All,SCHOOLBUS,0.0,University
DRIVEALONE,SCHOOLBUS,0.0,University
SHARED2,SCHOOLBUS,0.0,University
SHARED3,SCHOOLBUS,0.0,University
WALK,SCHOOLBUS,0.0,University
BIKE,SCHOOLBUS,0.0,University
WALK-TRANSIT,SCHOOLBUS,0.0,University
PNR-TRANSIT,SCHOOLBUS,0.0,University
KNR-TRANSIT,SCHOOLBUS,0.0,University
TNC-TRANSIT,SCHOOLBUS,0.0,University
TAXI,SCHOOLBUS,0.0,University
TNC-REG,SCHOOLBUS,0.0,University
TNC-SHARED,SCHOOLBUS,0.0,University
SCHOOLBUS,SCHOOLBUS,0.0,University
ESCOOTER,SCHOOLBUS,0.0,University
EBIKE,SCHOOLBUS,0.0,University
All,ESCOOTER,0.0,University
DRIVEALONE,ESCOOTER,0.0,University
SHARED2,ESCOOTER,0.0,University
SHARED3,ESCOOTER,0.0,University
WALK,ESCOOTER,0.0,University
BIKE,ESCOOTER,0.0,University
WALK-TRANSIT,ESCOOTER,0.0,University
PNR-TRANSIT,ESCOOTER,0.0,University
KNR-TRANSIT,ESCOOTER,0.0,University
TNC-TRANSIT,ESCOOTER,0.0,University
TAXI,ESCOOTER,0.0,University
TNC-REG,ESCOOTER,0.0,University
TNC-SHARED,ESCOOTER,0.0,University
SCHOOLBUS,ESCOOTER,0.0,University
ESCOOTER,ESCOOTER,0.0,University
EBIKE,ESCOOTER,0.0,University
All,EBIKE,0.0,University
DRIVEALONE,EBIKE,0.0,University
SHARED2,EBIKE,0.0,University
SHARED3,EBIKE,0.0,University
WALK,EBIKE,0.0,University
BIKE,EBIKE,0.0,University
WALK-TRANSIT,EBIKE,0.0,University
PNR-TRANSIT,EBIKE,0.0,University
KNR-TRANSIT,EBIKE,0.0,University
TNC-TRANSIT,EBIKE,0.0,University
TAXI,EBIKE,0.0,University
TNC-REG,EBIKE,0.0,University
TNC-SHARED,EBIKE,0.0,University
SCHOOLBUS,EBIKE,0.0,University
ESCOOTER,EBIKE,0.0,University
EBIKE,EBIKE,0.0,University
All,All,1034046.2838035184,School
DRIVEALONE,All,343313.5119327388,School
SHARED2,All,177561.61787383037,School
SHARED3,All,306089.33525238704,School
WALK,All,164123.01847035976,School
BIKE,All,25805.32355581177,School
WALK-TRANSIT,All,3085.024797699816,School
PNR-TRANSIT,All,0.0,School
KNR-TRANSIT,All,0.0,School
TNC-TRANSIT,All,0.0,School
TAXI,All,0.0,School
TNC-REG,All,0.0,School
TNC-SHARED,All,0.0,School
SCHOOLBUS,All,13019.9328298986,School
ESCOOTER,All,0.0,School
EBIKE,All,277.262891367173,School
All,DRIVEALONE,93150.65378201654,School
DRIVEALONE,DRIVEALONE,84623.4196312306,School
SHARED2,DRIVEALONE,0.0,School
SHARED3,DRIVEALONE,1316.53673761765,School
WALK,DRIVEALONE,7138.70444368661,School
BIKE,DRIVEALONE,71.992969481682,School
WALK-TRANSIT,DRIVEALONE,0.0,School
PNR-TRANSIT,DRIVEALONE,0.0,School
KNR-TRANSIT,DRIVEALONE,0.0,School
TNC-TRANSIT,DRIVEALONE,0.0,School
TAXI,DRIVEALONE,0.0,School
TNC-REG,DRIVEALONE,0.0,School
TNC-SHARED,DRIVEALONE,0.0,School
SCHOOLBUS,DRIVEALONE,0.0,School
ESCOOTER,DRIVEALONE,0.0,School
EBIKE,DRIVEALONE,0.0,School
All,SHARED2,239987.6044864648,School
DRIVEALONE,SHARED2,97112.5379381922,School
SHARED2,SHARED2,139847.834827657,School
SHARED3,SHARED2,2389.94218807415,School
WALK,SHARED2,637.289532541417,School
BIKE,SHARED2,0.0,School
WALK-TRANSIT,SHARED2,0.0,School
PNR-TRANSIT,SHARED2,0.0,School
KNR-TRANSIT,SHARED2,0.0,School
TNC-TRANSIT,SHARED2,0.0,School
TAXI,SHARED2,0.0,School
TNC-REG,SHARED2,0.0,School
TNC-SHARED,SHARED2,0.0,School
SCHOOLBUS,SHARED2,0.0,School
ESCOOTER,SHARED2,0.0,School
EBIKE,SHARED2,0.0,School
All,SHARED3,495113.7558799056,School
DRIVEALONE,SHARED3,161577.554363316,School
SHARED2,SHARED3,37539.2511808831,School
SHARED3,SHARED3,269067.415117711,School
WALK,SHARED3,26882.6032867631,School
BIKE,SHARED3,46.9319312323893,School
WALK-TRANSIT,SHARED3,0.0,School
PNR-TRANSIT,SHARED3,0.0,School
KNR-TRANSIT,SHARED3,0.0,School
TNC-TRANSIT,SHARED3,0.0,School
TAXI,SHARED3,0.0,School
TNC-REG,SHARED3,0.0,School
TNC-SHARED,SHARED3,0.0,School
SCHOOLBUS,SHARED3,0.0,School
ESCOOTER,SHARED3,0.0,School
EBIKE,SHARED3,0.0,School
All,WALK,129192.06806935598,School
DRIVEALONE,WALK,0.0,School
SHARED2,WALK,151.621879949996,School
SHARED3,WALK,0.0,School
WALK,WALK,129040.446189406,School
BIKE,WALK,0.0,School
WALK-TRANSIT,WALK,0.0,School
PNR-TRANSIT,WALK,0.0,School
KNR-TRANSIT,WALK,0.0,School
TNC-TRANSIT,WALK,0.0,School
TAXI,WALK,0.0,School
TNC-REG,WALK,0.0,School
TNC-SHARED,WALK,0.0,School
SCHOOLBUS,WALK,0.0,School
ESCOOTER,WALK,0.0,School
EBIKE,WALK,0.0,School
All,BIKE,55427.844539407655,School
DRIVEALONE,BIKE,0.0,School
SHARED2,BIKE,0.0,School
SHARED3,BIKE,29317.4708663473,School
WALK,BIKE,423.975017962652,School
BIKE,BIKE,25686.3986550977,School
WALK-TRANSIT,BIKE,0.0,School
PNR-TRANSIT,BIKE,0.0,School
KNR-TRANSIT,BIKE,0.0,School
TNC-TRANSIT,BIKE,0.0,School
TAXI,BIKE,0.0,School
TNC-REG,BIKE,0.0,School
TNC-SHARED,BIKE,0.0,School
SCHOOLBUS,BIKE,0.0,School
ESCOOTER,BIKE,0.0,School
EBIKE,BIKE,0.0,School
All,WALK-TRANSIT,7877.161325101984,School
DRIVEALONE,WALK-TRANSIT,0.0,School
SHARED2,WALK-TRANSIT,22.9099853402743,School
SHARED3,WALK-TRANSIT,3997.97034263694,School
WALK,WALK-TRANSIT,0.0,School
BIKE,WALK-TRANSIT,0.0,School
WALK-TRANSIT,WALK-TRANSIT,3085.024797699816,School
PNR-TRANSIT,WALK-TRANSIT,0.0,School
KNR-TRANSIT,WALK-TRANSIT,0.0,School
TNC-TRANSIT,WALK-TRANSIT,0.0,School
TAXI,WALK-TRANSIT,0.0,School
TNC-REG,WALK-TRANSIT,0.0,School
TNC-SHARED,WALK-TRANSIT,0.0,School
SCHOOLBUS,WALK-TRANSIT,0.0,School
ESCOOTER,WALK-TRANSIT,0.0,School
EBIKE,WALK-TRANSIT,0.0,School
All,PNR-TRANSIT,0.0,School
DRIVEALONE,PNR-TRANSIT,0.0,School
SHARED2,PNR-TRANSIT,0.0,School
SHARED3,PNR-TRANSIT,0.0,School
WALK,PNR-TRANSIT,0.0,School
BIKE,PNR-TRANSIT,0.0,School
WALK-TRANSIT,PNR-TRANSIT,0.0,School
PNR-TRANSIT,PNR-TRANSIT,0.0,School
KNR-TRANSIT,PNR-TRANSIT,0.0,School
TNC-TRANSIT,PNR-TRANSIT,0.0,School
TAXI,PNR-TRANSIT,0.0,School
TNC-REG,PNR-TRANSIT,0.0,School
TNC-SHARED,PNR-TRANSIT,0.0,School
SCHOOLBUS,PNR-TRANSIT,0.0,School
ESCOOTER,PNR-TRANSIT,0.0,School
EBIKE,PNR-TRANSIT,0.0,School
All,KNR-TRANSIT,0.0,School
DRIVEALONE,KNR-TRANSIT,0.0,School
SHARED2,KNR-TRANSIT,0.0,School
SHARED3,KNR-TRANSIT,0.0,School
WALK,KNR-TRANSIT,0.0,School
BIKE,KNR-TRANSIT,0.0,School
WALK-TRANSIT,KNR-TRANSIT,0.0,School
PNR-TRANSIT,KNR-TRANSIT,0.0,School
KNR-TRANSIT,KNR-TRANSIT,0.0,School
TNC-TRANSIT,KNR-TRANSIT,0.0,School
TAXI,KNR-TRANSIT,0.0,School
TNC-REG,KNR-TRANSIT,0.0,School
TNC-SHARED,KNR-TRANSIT,0.0,School
SCHOOLBUS,KNR-TRANSIT,0.0,School
ESCOOTER,KNR-TRANSIT,0.0,School
EBIKE,KNR-TRANSIT,0.0,School
All,TNC-TRANSIT,0.0,School
DRIVEALONE,TNC-TRANSIT,0.0,School
SHARED2,TNC-TRANSIT,0.0,School
SHARED3,TNC-TRANSIT,0.0,School
WALK,TNC-TRANSIT,0.0,School
BIKE,TNC-TRANSIT,0.0,School
WALK-TRANSIT,TNC-TRANSIT,0.0,School
PNR-TRANSIT,TNC-TRANSIT,0.0,School
KNR-TRANSIT,TNC-TRANSIT,0.0,School
TNC-TRANSIT,TNC-TRANSIT,0.0,School
TAXI,TNC-TRANSIT,0.0,School
TNC-REG,TNC-TRANSIT,0.0,School
TNC-SHARED,TNC-TRANSIT,0.0,School
SCHOOLBUS,TNC-TRANSIT,0.0,School
ESCOOTER,TNC-TRANSIT,0.0,School
EBIKE,TNC-TRANSIT,0.0,School
All,TAXI,0.0,School
DRIVEALONE,TAXI,0.0,School
SHARED2,TAXI,0.0,School
SHARED3,TAXI,0.0,School
WALK,TAXI,0.0,School
BIKE,TAXI,0.0,School
WALK-TRANSIT,TAXI,0.0,School
PNR-TRANSIT,TAXI,0.0,School
KNR-TRANSIT,TAXI,0.0,School
TNC-TRANSIT,TAXI,0.0,School
TAXI,TAXI,0.0,School
TNC-REG,TAXI,0.0,School
TNC-SHARED,TAXI,0.0,School
SCHOOLBUS,TAXI,0.0,School
ESCOOTER,TAXI,0.0,School
EBIKE,TAXI,0.0,School
All,TNC-REG,0.0,School
DRIVEALONE,TNC-REG,0.0,School
SHARED2,TNC-REG,0.0,School
SHARED3,TNC-REG,0.0,School
WALK,TNC-REG,0.0,School
BIKE,TNC-REG,0.0,School
WALK-TRANSIT,TNC-REG,0.0,School
PNR-TRANSIT,TNC-REG,0.0,School
KNR-TRANSIT,TNC-REG,0.0,School
TNC-TRANSIT,TNC-REG,0.0,School
TAXI,TNC-REG,0.0,School
TNC-REG,TNC-REG,0.0,School
TNC-SHARED,TNC-REG,0.0,School
SCHOOLBUS,TNC-REG,0.0,School
ESCOOTER,TNC-REG,0.0,School
EBIKE,TNC-REG,0.0,School
All,TNC-SHARED,0.0,School
DRIVEALONE,TNC-SHARED,0.0,School
SHARED2,TNC-SHARED,0.0,School
SHARED3,TNC-SHARED,0.0,School
WALK,TNC-SHARED,0.0,School
BIKE,TNC-SHARED,0.0,School
WALK-TRANSIT,TNC-SHARED,0.0,School
PNR-TRANSIT,TNC-SHARED,0.0,School
KNR-TRANSIT,TNC-SHARED,0.0,School
TNC-TRANSIT,TNC-SHARED,0.0,School
TAXI,TNC-SHARED,0.0,School
TNC-REG,TNC-SHARED,0.0,School
TNC-SHARED,TNC-SHARED,0.0,School
SCHOOLBUS,TNC-SHARED,0.0,School
ESCOOTER,TNC-SHARED,0.0,School
EBIKE,TNC-SHARED,0.0,School
All,SCHOOLBUS,13019.9328298986,School
DRIVEALONE,SCHOOLBUS,0.0,School
SHARED2,SCHOOLBUS,0.0,School
SHARED3,SCHOOLBUS,0.0,School
WALK,SCHOOLBUS,0.0,School
BIKE,SCHOOLBUS,0.0,School
WALK-TRANSIT,SCHOOLBUS,0.0,School
PNR-TRANSIT,SCHOOLBUS,0.0,School
KNR-TRANSIT,SCHOOLBUS,0.0,School
TNC-TRANSIT,SCHOOLBUS,0.0,School
TAXI,SCHOOLBUS,0.0,School
TNC-REG,SCHOOLBUS,0.0,School
TNC-SHARED,SCHOOLBUS,0.0,School
SCHOOLBUS,SCHOOLBUS,13019.9328298986,School
ESCOOTER,SCHOOLBUS,0.0,School
EBIKE,SCHOOLBUS,0.0,School
All,ESCOOTER,0.0,School
DRIVEALONE,ESCOOTER,0.0,School
SHARED2,ESCOOTER,0.0,School
SHARED3,ESCOOTER,0.0,School
WALK,ESCOOTER,0.0,School
BIKE,ESCOOTER,0.0,School
WALK-TRANSIT,ESCOOTER,0.0,School
PNR-TRANSIT,ESCOOTER,0.0,School
KNR-TRANSIT,ESCOOTER,0.0,School
TNC-TRANSIT,ESCOOTER,0.0,School
TAXI,ESCOOTER,0.0,School
TNC-REG,ESCOOTER,0.0,School
TNC-SHARED,ESCOOTER,0.0,School
SCHOOLBUS,ESCOOTER,0.0,School
ESCOOTER,ESCOOTER,0.0,School
EBIKE,ESCOOTER,0.0,School
All,EBIKE,277.262891367173,School
DRIVEALONE,EBIKE,0.0,School
SHARED2,EBIKE,0.0,School
SHARED3,EBIKE,0.0,School
WALK,EBIKE,0.0,School
BIKE,EBIKE,0.0,School
WALK-TRANSIT,EBIKE,0.0,School
PNR-TRANSIT,EBIKE,0.0,School
KNR-TRANSIT,EBIKE,0.0,School
TNC-TRANSIT,EBIKE,0.0,School
TAXI,EBIKE,0.0,School
TNC-REG,EBIKE,0.0,School
TNC-SHARED,EBIKE,0.0,School
SCHOOLBUS,EBIKE,0.0,School
ESCOOTER,EBIKE,0.0,School
EBIKE,EBIKE,277.262891367173,School
All,All,4754989.717315071,Ind-Maintenance
DRIVEALONE,All,2352057.5276302933,Ind-Maintenance
SHARED2,All,887515.5701430825,Ind-Maintenance
SHARED3,All,900633.7164291848,Ind-Maintenance
WALK,All,476375.1518185905,Ind-Maintenance
BIKE,All,48740.56435463236,Ind-Maintenance
WALK-TRANSIT,All,35192.67383259672,Ind-Maintenance
PNR-TRANSIT,All,3278.7687328727807,Ind-Maintenance
KNR-TRANSIT,All,17072.05127310256,Ind-Maintenance
TNC-TRANSIT,All,169.235315617602,Ind-Maintenance
TAXI,All,11346.39396055306,Ind-Maintenance
TNC-REG,All,13165.288307561934,Ind-Maintenance
TNC-SHARED,All,0.0,Ind-Maintenance
SCHOOLBUS,All,0.0,Ind-Maintenance
ESCOOTER,All,858.9489464018803,Ind-Maintenance
EBIKE,All,6620.071613995751,Ind-Maintenance
All,DRIVEALONE,1802690.0985658355,Ind-Maintenance
DRIVEALONE,DRIVEALONE,1742890.95084924,Ind-Maintenance
SHARED2,DRIVEALONE,1408.3192447509,Ind-Maintenance
SHARED3,DRIVEALONE,1222.25674346386,Ind-Maintenance
WALK,DRIVEALONE,55162.3153666952,Ind-Maintenance
BIKE,DRIVEALONE,590.721896374467,Ind-Maintenance
WALK-TRANSIT,DRIVEALONE,0.0,Ind-Maintenance
PNR-TRANSIT,DRIVEALONE,0.0,Ind-Maintenance
KNR-TRANSIT,DRIVEALONE,0.0,Ind-Maintenance
TNC-TRANSIT,DRIVEALONE,0.0,Ind-Maintenance
TAXI,DRIVEALONE,0.0,Ind-Maintenance
TNC-REG,DRIVEALONE,170.60345604252,Ind-Maintenance
TNC-SHARED,DRIVEALONE,0.0,Ind-Maintenance
SCHOOLBUS,DRIVEALONE,0.0,Ind-Maintenance
ESCOOTER,DRIVEALONE,265.422987857664,Ind-Maintenance
EBIKE,DRIVEALONE,979.508021410991,Ind-Maintenance
All,SHARED2,1083045.1255660842,Ind-Maintenance
DRIVEALONE,SHARED2,366760.199268969,Ind-Maintenance
SHARED2,SHARED2,673180.796334036,Ind-Maintenance
SHARED3,SHARED2,490.009371171005,Ind-Maintenance
WALK,SHARED2,42453.2767695509,Ind-Maintenance
BIKE,SHARED2,20.6417275257636,Ind-Maintenance
WALK-TRANSIT,SHARED2,0.0,Ind-Maintenance
PNR-TRANSIT,SHARED2,0.0,Ind-Maintenance
KNR-TRANSIT,SHARED2,0.0,Ind-Maintenance
TNC-TRANSIT,SHARED2,0.0,Ind-Maintenance
TAXI,SHARED2,8.61696435336093,Ind-Maintenance
TNC-REG,SHARED2,131.585130478099,Ind-Maintenance
TNC-SHARED,SHARED2,0.0,Ind-Maintenance
SCHOOLBUS,SHARED2,0.0,Ind-Maintenance
ESCOOTER,SHARED2,0.0,Ind-Maintenance
EBIKE,SHARED2,0.0,Ind-Maintenance
All,SHARED3,1405586.76938596,Ind-Maintenance
DRIVEALONE,SHARED3,236798.35419249,Ind-Maintenance
SHARED2,SHARED3,210765.215524703,Ind-Maintenance
SHARED3,SHARED3,895030.458675229,Ind-Maintenance
WALK,SHARED3,61570.605349003,Ind-Maintenance
BIKE,SHARED3,100.530901407424,Ind-Maintenance
WALK-TRANSIT,SHARED3,0.0,Ind-Maintenance
PNR-TRANSIT,SHARED3,0.0,Ind-Maintenance
KNR-TRANSIT,SHARED3,0.0,Ind-Maintenance
TNC-TRANSIT,SHARED3,0.0,Ind-Maintenance
TAXI,SHARED3,0.0,Ind-Maintenance
TNC-REG,SHARED3,250.661115178934,Ind-Maintenance
TNC-SHARED,SHARED3,0.0,Ind-Maintenance
SCHOOLBUS,SHARED3,0.0,Ind-Maintenance
ESCOOTER,SHARED3,0.0,Ind-Maintenance
EBIKE,SHARED3,1070.94362794873,Ind-Maintenance
All,WALK,301048.3302746112,Ind-Maintenance
DRIVEALONE,WALK,3356.37008230049,Ind-Maintenance
SHARED2,WALK,151.621879949996,Ind-Maintenance
SHARED3,WALK,29.7844898987277,Ind-Maintenance
WALK,WALK,297510.553822462,Ind-Maintenance
BIKE,WALK,0.0,Ind-Maintenance
WALK-TRANSIT,WALK,0.0,Ind-Maintenance
PNR-TRANSIT,WALK,0.0,Ind-Maintenance
KNR-TRANSIT,WALK,0.0,Ind-Maintenance
TNC-TRANSIT,WALK,0.0,Ind-Maintenance
TAXI,WALK,0.0,Ind-Maintenance
TNC-REG,WALK,0.0,Ind-Maintenance
TNC-SHARED,WALK,0.0,Ind-Maintenance
SCHOOLBUS,WALK,0.0,Ind-Maintenance
ESCOOTER,WALK,0.0,Ind-Maintenance
EBIKE,WALK,0.0,Ind-Maintenance
All,BIKE,57401.85469013287,Ind-Maintenance
DRIVEALONE,BIKE,0.0,Ind-Maintenance
SHARED2,BIKE,0.0,Ind-Maintenance
SHARED3,BIKE,2838.21257113805,Ind-Maintenance
WALK,BIKE,6534.97228967011,Ind-Maintenance
BIKE,BIKE,48028.6698293247,Ind-Maintenance
WALK-TRANSIT,BIKE,0.0,Ind-Maintenance
PNR-TRANSIT,BIKE,0.0,Ind-Maintenance
KNR-TRANSIT,BIKE,0.0,Ind-Maintenance
TNC-TRANSIT,BIKE,0.0,Ind-Maintenance
TAXI,BIKE,0.0,Ind-Maintenance
TNC-REG,BIKE,0.0,Ind-Maintenance
TNC-SHARED,BIKE,0.0,Ind-Maintenance
SCHOOLBUS,BIKE,0.0,Ind-Maintenance
ESCOOTER,BIKE,0.0,Ind-Maintenance
EBIKE,BIKE,0.0,Ind-Maintenance
All,WALK-TRANSIT,62647.87609975051,Ind-Maintenance
DRIVEALONE,WALK-TRANSIT,2251.65323729373,Ind-Maintenance
SHARED2,WALK-TRANSIT,2009.61715964261,Ind-Maintenance
SHARED3,WALK-TRANSIT,1022.99457828414,Ind-Maintenance
WALK,WALK-TRANSIT,13143.4282212093,Ind-Maintenance
BIKE,WALK-TRANSIT,0.0,Ind-Maintenance
WALK-TRANSIT,WALK-TRANSIT,35192.67383259672,Ind-Maintenance
PNR-TRANSIT,WALK-TRANSIT,0.0,Ind-Maintenance
KNR-TRANSIT,WALK-TRANSIT,0.0,Ind-Maintenance
TNC-TRANSIT,WALK-TRANSIT,0.0,Ind-Maintenance
TAXI,WALK-TRANSIT,0.0,Ind-Maintenance
TNC-REG,WALK-TRANSIT,213.298572795781,Ind-Maintenance
TNC-SHARED,WALK-TRANSIT,0.0,Ind-Maintenance
SCHOOLBUS,WALK-TRANSIT,0.0,Ind-Maintenance
ESCOOTER,WALK-TRANSIT,16.0420397790443,Ind-Maintenance
EBIKE,WALK-TRANSIT,0.0,Ind-Maintenance
All,PNR-TRANSIT,1322.08416648096,Ind-Maintenance
DRIVEALONE,PNR-TRANSIT,0.0,Ind-Maintenance
SHARED2,PNR-TRANSIT,0.0,Ind-Maintenance
SHARED3,PNR-TRANSIT,0.0,Ind-Maintenance
WALK,PNR-TRANSIT,0.0,Ind-Maintenance
BIKE,PNR-TRANSIT,0.0,Ind-Maintenance
WALK-TRANSIT,PNR-TRANSIT,0.0,Ind-Maintenance
PNR-TRANSIT,PNR-TRANSIT,3278.7687328727807,Ind-Maintenance
KNR-TRANSIT,PNR-TRANSIT,0.0,Ind-Maintenance
TNC-TRANSIT,PNR-TRANSIT,0.0,Ind-Maintenance
TAXI,PNR-TRANSIT,0.0,Ind-Maintenance
TNC-REG,PNR-TRANSIT,0.0,Ind-Maintenance
TNC-SHARED,PNR-TRANSIT,0.0,Ind-Maintenance
SCHOOLBUS,PNR-TRANSIT,0.0,Ind-Maintenance
ESCOOTER,PNR-TRANSIT,0.0,Ind-Maintenance
EBIKE,PNR-TRANSIT,0.0,Ind-Maintenance
All,KNR-TRANSIT,12194.3223379304,Ind-Maintenance
DRIVEALONE,KNR-TRANSIT,0.0,Ind-Maintenance
SHARED2,KNR-TRANSIT,0.0,Ind-Maintenance
SHARED3,KNR-TRANSIT,0.0,Ind-Maintenance
WALK,KNR-TRANSIT,0.0,Ind-Maintenance
BIKE,KNR-TRANSIT,0.0,Ind-Maintenance
WALK-TRANSIT,KNR-TRANSIT,0.0,Ind-Maintenance
PNR-TRANSIT,KNR-TRANSIT,0.0,Ind-Maintenance
KNR-TRANSIT,KNR-TRANSIT,17072.05127310256,Ind-Maintenance
TNC-TRANSIT,KNR-TRANSIT,0.0,Ind-Maintenance
TAXI,KNR-TRANSIT,0.0,Ind-Maintenance
TNC-REG,KNR-TRANSIT,0.0,Ind-Maintenance
TNC-SHARED,KNR-TRANSIT,0.0,Ind-Maintenance
SCHOOLBUS,KNR-TRANSIT,0.0,Ind-Maintenance
ESCOOTER,KNR-TRANSIT,0.0,Ind-Maintenance
EBIKE,KNR-TRANSIT,0.0,Ind-Maintenance
All,TNC-TRANSIT,169.235315617602,Ind-Maintenance
DRIVEALONE,TNC-TRANSIT,0.0,Ind-Maintenance
SHARED2,TNC-TRANSIT,0.0,Ind-Maintenance
SHARED3,TNC-TRANSIT,0.0,Ind-Maintenance
WALK,TNC-TRANSIT,0.0,Ind-Maintenance
BIKE,TNC-TRANSIT,0.0,Ind-Maintenance
WALK-TRANSIT,TNC-TRANSIT,0.0,Ind-Maintenance
PNR-TRANSIT,TNC-TRANSIT,0.0,Ind-Maintenance
KNR-TRANSIT,TNC-TRANSIT,0.0,Ind-Maintenance
TNC-TRANSIT,TNC-TRANSIT,169.235315617602,Ind-Maintenance
TAXI,TNC-TRANSIT,0.0,Ind-Maintenance
TNC-REG,TNC-TRANSIT,0.0,Ind-Maintenance
TNC-SHARED,TNC-TRANSIT,0.0,Ind-Maintenance
SCHOOLBUS,TNC-TRANSIT,0.0,Ind-Maintenance
ESCOOTER,TNC-TRANSIT,0.0,Ind-Maintenance
EBIKE,TNC-TRANSIT,0.0,Ind-Maintenance
All,TAXI,11337.7769961997,Ind-Maintenance
DRIVEALONE,TAXI,0.0,Ind-Maintenance
SHARED2,TAXI,0.0,Ind-Maintenance
SHARED3,TAXI,0.0,Ind-Maintenance
WALK,TAXI,0.0,Ind-Maintenance
BIKE,TAXI,0.0,Ind-Maintenance
WALK-TRANSIT,TAXI,0.0,Ind-Maintenance
PNR-TRANSIT,TAXI,0.0,Ind-Maintenance
KNR-TRANSIT,TAXI,0.0,Ind-Maintenance
TNC-TRANSIT,TAXI,0.0,Ind-Maintenance
TAXI,TAXI,11337.7769961997,Ind-Maintenance
TNC-REG,TAXI,0.0,Ind-Maintenance
TNC-SHARED,TAXI,0.0,Ind-Maintenance
SCHOOLBUS,TAXI,0.0,Ind-Maintenance
ESCOOTER,TAXI,0.0,Ind-Maintenance
EBIKE,TAXI,0.0,Ind-Maintenance
All,TNC-REG,12399.1400330666,Ind-Maintenance
DRIVEALONE,TNC-REG,0.0,Ind-Maintenance
SHARED2,TNC-REG,0.0,Ind-Maintenance
SHARED3,TNC-REG,0.0,Ind-Maintenance
WALK,TNC-REG,0.0,Ind-Maintenance
BIKE,TNC-REG,0.0,Ind-Maintenance
WALK-TRANSIT,TNC-REG,0.0,Ind-Maintenance
PNR-TRANSIT,TNC-REG,0.0,Ind-Maintenance
KNR-TRANSIT,TNC-REG,0.0,Ind-Maintenance
TNC-TRANSIT,TNC-REG,0.0,Ind-Maintenance
TAXI,TNC-REG,0.0,Ind-Maintenance
TNC-REG,TNC-REG,12399.1400330666,Ind-Maintenance
TNC-SHARED,TNC-REG,0.0,Ind-Maintenance
SCHOOLBUS,TNC-REG,0.0,Ind-Maintenance
ESCOOTER,TNC-REG,0.0,Ind-Maintenance
EBIKE,TNC-REG,0.0,Ind-Maintenance
All,TNC-SHARED,0.0,Ind-Maintenance
DRIVEALONE,TNC-SHARED,0.0,Ind-Maintenance
SHARED2,TNC-SHARED,0.0,Ind-Maintenance
SHARED3,TNC-SHARED,0.0,Ind-Maintenance
WALK,TNC-SHARED,0.0,Ind-Maintenance
BIKE,TNC-SHARED,0.0,Ind-Maintenance
WALK-TRANSIT,TNC-SHARED,0.0,Ind-Maintenance
PNR-TRANSIT,TNC-SHARED,0.0,Ind-Maintenance
KNR-TRANSIT,TNC-SHARED,0.0,Ind-Maintenance
TNC-TRANSIT,TNC-SHARED,0.0,Ind-Maintenance
TAXI,TNC-SHARED,0.0,Ind-Maintenance
TNC-REG,TNC-SHARED,0.0,Ind-Maintenance
TNC-SHARED,TNC-SHARED,0.0,Ind-Maintenance
SCHOOLBUS,TNC-SHARED,0.0,Ind-Maintenance
ESCOOTER,TNC-SHARED,0.0,Ind-Maintenance
EBIKE,TNC-SHARED,0.0,Ind-Maintenance
All,SCHOOLBUS,0.0,Ind-Maintenance
DRIVEALONE,SCHOOLBUS,0.0,Ind-Maintenance
SHARED2,SCHOOLBUS,0.0,Ind-Maintenance
SHARED3,SCHOOLBUS,0.0,Ind-Maintenance
WALK,SCHOOLBUS,0.0,Ind-Maintenance
BIKE,SCHOOLBUS,0.0,Ind-Maintenance
WALK-TRANSIT,SCHOOLBUS,0.0,Ind-Maintenance
PNR-TRANSIT,SCHOOLBUS,0.0,Ind-Maintenance
KNR-TRANSIT,SCHOOLBUS,0.0,Ind-Maintenance
TNC-TRANSIT,SCHOOLBUS,0.0,Ind-Maintenance
TAXI,SCHOOLBUS,0.0,Ind-Maintenance
TNC-REG,SCHOOLBUS,0.0,Ind-Maintenance
TNC-SHARED,SCHOOLBUS,0.0,Ind-Maintenance
SCHOOLBUS,SCHOOLBUS,0.0,Ind-Maintenance
ESCOOTER,SCHOOLBUS,0.0,Ind-Maintenance
EBIKE,SCHOOLBUS,0.0,Ind-Maintenance
All,ESCOOTER,577.483918765172,Ind-Maintenance
DRIVEALONE,ESCOOTER,0.0,Ind-Maintenance
SHARED2,ESCOOTER,0.0,Ind-Maintenance
SHARED3,ESCOOTER,0.0,Ind-Maintenance
WALK,ESCOOTER,0.0,Ind-Maintenance
BIKE,ESCOOTER,0.0,Ind-Maintenance
WALK-TRANSIT,ESCOOTER,0.0,Ind-Maintenance
PNR-TRANSIT,ESCOOTER,0.0,Ind-Maintenance
KNR-TRANSIT,ESCOOTER,0.0,Ind-Maintenance
TNC-TRANSIT,ESCOOTER,0.0,Ind-Maintenance
TAXI,ESCOOTER,0.0,Ind-Maintenance
TNC-REG,ESCOOTER,0.0,Ind-Maintenance
TNC-SHARED,ESCOOTER,0.0,Ind-Maintenance
SCHOOLBUS,ESCOOTER,0.0,Ind-Maintenance
ESCOOTER,ESCOOTER,577.483918765172,Ind-Maintenance
EBIKE,ESCOOTER,0.0,Ind-Maintenance
All,EBIKE,4569.61996463603,Ind-Maintenance
DRIVEALONE,EBIKE,0.0,Ind-Maintenance
SHARED2,EBIKE,0.0,Ind-Maintenance
SHARED3,EBIKE,0.0,Ind-Maintenance
WALK,EBIKE,0.0,Ind-Maintenance
BIKE,EBIKE,0.0,Ind-Maintenance
WALK-TRANSIT,EBIKE,0.0,Ind-Maintenance
PNR-TRANSIT,EBIKE,0.0,Ind-Maintenance
KNR-TRANSIT,EBIKE,0.0,Ind-Maintenance
TNC-TRANSIT,EBIKE,0.0,Ind-Maintenance
TAXI,EBIKE,0.0,Ind-Maintenance
TNC-REG,EBIKE,0.0,Ind-Maintenance
TNC-SHARED,EBIKE,0.0,Ind-Maintenance
SCHOOLBUS,EBIKE,0.0,Ind-Maintenance
ESCOOTER,EBIKE,0.0,Ind-Maintenance
EBIKE,EBIKE,4569.61996463603,Ind-Maintenance
All,All,2560381.923953016,Ind-Discretionary
DRIVEALONE,All,1035965.69277895,Ind-Discretionary
SHARED2,All,330421.8773047967,Ind-Discretionary
SHARED3,All,444927.9746380439,Ind-Discretionary
WALK,All,613387.9351398075,Ind-Discretionary
BIKE,All,46252.19212573677,Ind-Discretionary
WALK-TRANSIT,All,51984.43819324105,Ind-Discretionary
PNR-TRANSIT,All,1197.858234065388,Ind-Discretionary
KNR-TRANSIT,All,910.3514887740923,Ind-Discretionary
TNC-TRANSIT,All,0.0,Ind-Discretionary
TAXI,All,11019.796612141,Ind-Discretionary
TNC-REG,All,7045.613239953293,Ind-Discretionary
TNC-SHARED,All,0.0,Ind-Discretionary
SCHOOLBUS,All,0.0,Ind-Discretionary
ESCOOTER,All,2993.0625086981718,Ind-Discretionary
EBIKE,All,2253.973447480964,Ind-Discretionary
All,DRIVEALONE,948929.8581734748,Ind-Discretionary
DRIVEALONE,DRIVEALONE,893294.198369052,Ind-Discretionary
SHARED2,DRIVEALONE,2453.07851863195,Ind-Discretionary
SHARED3,DRIVEALONE,2200.04838429646,Ind-Discretionary
WALK,DRIVEALONE,28221.1733420257,Ind-Discretionary
BIKE,DRIVEALONE,22498.9424241192,Ind-Discretionary
WALK-TRANSIT,DRIVEALONE,0.0,Ind-Discretionary
PNR-TRANSIT,DRIVEALONE,0.0,Ind-Discretionary
KNR-TRANSIT,DRIVEALONE,0.0,Ind-Discretionary
TNC-TRANSIT,DRIVEALONE,0.0,Ind-Discretionary
TAXI,DRIVEALONE,0.0,Ind-Discretionary
TNC-REG,DRIVEALONE,174.25495127544,Ind-Discretionary
TNC-SHARED,DRIVEALONE,0.0,Ind-Discretionary
SCHOOLBUS,DRIVEALONE,0.0,Ind-Discretionary
ESCOOTER,DRIVEALONE,0.0,Ind-Discretionary
EBIKE,DRIVEALONE,88.1621840739241,Ind-Discretionary
All,SHARED2,441292.501589092,Ind-Discretionary
DRIVEALONE,SHARED2,111468.926876273,Ind-Discretionary
SHARED2,SHARED2,308420.982070941,Ind-Discretionary
SHARED3,SHARED2,600.268979934954,Ind-Discretionary
WALK,SHARED2,20100.7717057129,Ind-Discretionary
BIKE,SHARED2,571.734080523633,Ind-Discretionary
WALK-TRANSIT,SHARED2,0.0,Ind-Discretionary
PNR-TRANSIT,SHARED2,0.0,Ind-Discretionary
KNR-TRANSIT,SHARED2,0.0,Ind-Discretionary
TNC-TRANSIT,SHARED2,0.0,Ind-Discretionary
TAXI,SHARED2,0.0,Ind-Discretionary
TNC-REG,SHARED2,119.833962308443,Ind-Discretionary
TNC-SHARED,SHARED2,0.0,Ind-Discretionary
SCHOOLBUS,SHARED2,0.0,Ind-Discretionary
ESCOOTER,SHARED2,9.9839133980999,Ind-Discretionary
EBIKE,SHARED2,0.0,Ind-Discretionary
All,SHARED3,599290.8712972738,Ind-Discretionary
DRIVEALONE,SHARED3,24522.4309575024,Ind-Discretionary
SHARED2,SHARED3,19417.6414006517,Ind-Discretionary
SHARED3,SHARED3,437924.353930868,Ind-Discretionary
WALK,SHARED3,116134.573753092,Ind-Discretionary
BIKE,SHARED3,99.0762817076424,Ind-Discretionary
WALK-TRANSIT,SHARED3,0.0,Ind-Discretionary
PNR-TRANSIT,SHARED3,0.0,Ind-Discretionary
KNR-TRANSIT,SHARED3,0.0,Ind-Discretionary
TNC-TRANSIT,SHARED3,0.0,Ind-Discretionary
TAXI,SHARED3,0.0,Ind-Discretionary
TNC-REG,SHARED3,1192.79497345208,Ind-Discretionary
TNC-SHARED,SHARED3,0.0,Ind-Discretionary
SCHOOLBUS,SHARED3,0.0,Ind-Discretionary
ESCOOTER,SHARED3,0.0,Ind-Discretionary
EBIKE,SHARED3,0.0,Ind-Discretionary
All,WALK,432672.61426228896,Ind-Discretionary
DRIVEALONE,WALK,423.508240959963,Ind-Discretionary
SHARED2,WALK,0.0,Ind-Discretionary
SHARED3,WALK,0.0,Ind-Discretionary
WALK,WALK,432249.106021329,Ind-Discretionary
BIKE,WALK,0.0,Ind-Discretionary
WALK-TRANSIT,WALK,0.0,Ind-Discretionary
PNR-TRANSIT,WALK,0.0,Ind-Discretionary
KNR-TRANSIT,WALK,0.0,Ind-Discretionary
TNC-TRANSIT,WALK,0.0,Ind-Discretionary
TAXI,WALK,0.0,Ind-Discretionary
TNC-REG,WALK,0.0,Ind-Discretionary
TNC-SHARED,WALK,0.0,Ind-Discretionary
SCHOOLBUS,WALK,0.0,Ind-Discretionary
ESCOOTER,WALK,0.0,Ind-Discretionary
EBIKE,WALK,0.0,Ind-Discretionary
All,BIKE,27998.22184318296,Ind-Discretionary
DRIVEALONE,BIKE,0.0,Ind-Discretionary
SHARED2,BIKE,41.7395962064835,Ind-Discretionary
SHARED3,BIKE,40.2958661387941,Ind-Discretionary
WALK,BIKE,4833.74704145138,Ind-Discretionary
BIKE,BIKE,23082.4393393863,Ind-Discretionary
WALK-TRANSIT,BIKE,0.0,Ind-Discretionary
PNR-TRANSIT,BIKE,0.0,Ind-Discretionary
KNR-TRANSIT,BIKE,0.0,Ind-Discretionary
TNC-TRANSIT,BIKE,0.0,Ind-Discretionary
TAXI,BIKE,0.0,Ind-Discretionary
TNC-REG,BIKE,0.0,Ind-Discretionary
TNC-SHARED,BIKE,0.0,Ind-Discretionary
SCHOOLBUS,BIKE,0.0,Ind-Discretionary
ESCOOTER,BIKE,0.0,Ind-Discretionary
EBIKE,BIKE,0.0,Ind-Discretionary
All,WALK-TRANSIT,90999.85851670866,Ind-Discretionary
DRIVEALONE,WALK-TRANSIT,6256.62833516255,Ind-Discretionary
SHARED2,WALK-TRANSIT,88.4357183655813,Ind-Discretionary
SHARED3,WALK-TRANSIT,4163.00747680573,Ind-Discretionary
WALK,WALK-TRANSIT,11848.5632761965,Ind-Discretionary
BIKE,WALK-TRANSIT,0.0,Ind-Discretionary
WALK-TRANSIT,WALK-TRANSIT,51984.43819324105,Ind-Discretionary
PNR-TRANSIT,WALK-TRANSIT,0.0,Ind-Discretionary
KNR-TRANSIT,WALK-TRANSIT,0.0,Ind-Discretionary
TNC-TRANSIT,WALK-TRANSIT,0.0,Ind-Discretionary
TAXI,WALK-TRANSIT,0.0,Ind-Discretionary
TNC-REG,WALK-TRANSIT,3650.67988288045,Ind-Discretionary
TNC-SHARED,WALK-TRANSIT,0.0,Ind-Discretionary
SCHOOLBUS,WALK-TRANSIT,0.0,Ind-Discretionary
ESCOOTER,WALK-TRANSIT,11.9960857465512,Ind-Discretionary
EBIKE,WALK-TRANSIT,0.0,Ind-Discretionary
All,PNR-TRANSIT,483.007352445721,Ind-Discretionary
DRIVEALONE,PNR-TRANSIT,0.0,Ind-Discretionary
SHARED2,PNR-TRANSIT,0.0,Ind-Discretionary
SHARED3,PNR-TRANSIT,0.0,Ind-Discretionary
WALK,PNR-TRANSIT,0.0,Ind-Discretionary
BIKE,PNR-TRANSIT,0.0,Ind-Discretionary
WALK-TRANSIT,PNR-TRANSIT,0.0,Ind-Discretionary
PNR-TRANSIT,PNR-TRANSIT,1197.858234065388,Ind-Discretionary
KNR-TRANSIT,PNR-TRANSIT,0.0,Ind-Discretionary
TNC-TRANSIT,PNR-TRANSIT,0.0,Ind-Discretionary
TAXI,PNR-TRANSIT,0.0,Ind-Discretionary
TNC-REG,PNR-TRANSIT,0.0,Ind-Discretionary
TNC-SHARED,PNR-TRANSIT,0.0,Ind-Discretionary
SCHOOLBUS,PNR-TRANSIT,0.0,Ind-Discretionary
ESCOOTER,PNR-TRANSIT,0.0,Ind-Discretionary
EBIKE,PNR-TRANSIT,0.0,Ind-Discretionary
All,KNR-TRANSIT,650.251063410066,Ind-Discretionary
DRIVEALONE,KNR-TRANSIT,0.0,Ind-Discretionary
SHARED2,KNR-TRANSIT,0.0,Ind-Discretionary
SHARED3,KNR-TRANSIT,0.0,Ind-Discretionary
WALK,KNR-TRANSIT,0.0,Ind-Discretionary
BIKE,KNR-TRANSIT,0.0,Ind-Discretionary
WALK-TRANSIT,KNR-TRANSIT,0.0,Ind-Discretionary
PNR-TRANSIT,KNR-TRANSIT,0.0,Ind-Discretionary
KNR-TRANSIT,KNR-TRANSIT,910.3514887740923,Ind-Discretionary
TNC-TRANSIT,KNR-TRANSIT,0.0,Ind-Discretionary
TAXI,KNR-TRANSIT,0.0,Ind-Discretionary
TNC-REG,KNR-TRANSIT,0.0,Ind-Discretionary
TNC-SHARED,KNR-TRANSIT,0.0,Ind-Discretionary
SCHOOLBUS,KNR-TRANSIT,0.0,Ind-Discretionary
ESCOOTER,KNR-TRANSIT,0.0,Ind-Discretionary
EBIKE,KNR-TRANSIT,0.0,Ind-Discretionary
All,TNC-TRANSIT,0.0,Ind-Discretionary
DRIVEALONE,TNC-TRANSIT,0.0,Ind-Discretionary
SHARED2,TNC-TRANSIT,0.0,Ind-Discretionary
SHARED3,TNC-TRANSIT,0.0,Ind-Discretionary
WALK,TNC-TRANSIT,0.0,Ind-Discretionary
BIKE,TNC-TRANSIT,0.0,Ind-Discretionary
WALK-TRANSIT,TNC-TRANSIT,0.0,Ind-Discretionary
PNR-TRANSIT,TNC-TRANSIT,0.0,Ind-Discretionary
KNR-TRANSIT,TNC-TRANSIT,0.0,Ind-Discretionary
TNC-TRANSIT,TNC-TRANSIT,0.0,Ind-Discretionary
TAXI,TNC-TRANSIT,0.0,Ind-Discretionary
TNC-REG,TNC-TRANSIT,0.0,Ind-Discretionary
TNC-SHARED,TNC-TRANSIT,0.0,Ind-Discretionary
SCHOOLBUS,TNC-TRANSIT,0.0,Ind-Discretionary
ESCOOTER,TNC-TRANSIT,0.0,Ind-Discretionary
EBIKE,TNC-TRANSIT,0.0,Ind-Discretionary
All,TAXI,11019.796612141,Ind-Discretionary
DRIVEALONE,TAXI,0.0,Ind-Discretionary
SHARED2,TAXI,0.0,Ind-Discretionary
SHARED3,TAXI,0.0,Ind-Discretionary
WALK,TAXI,0.0,Ind-Discretionary
BIKE,TAXI,0.0,Ind-Discretionary
WALK-TRANSIT,TAXI,0.0,Ind-Discretionary
PNR-TRANSIT,TAXI,0.0,Ind-Discretionary
KNR-TRANSIT,TAXI,0.0,Ind-Discretionary
TNC-TRANSIT,TAXI,0.0,Ind-Discretionary
TAXI,TAXI,11019.796612141,Ind-Discretionary
TNC-REG,TAXI,0.0,Ind-Discretionary
TNC-SHARED,TAXI,0.0,Ind-Discretionary
SCHOOLBUS,TAXI,0.0,Ind-Discretionary
ESCOOTER,TAXI,0.0,Ind-Discretionary
EBIKE,TAXI,0.0,Ind-Discretionary
All,TNC-REG,1908.04947003688,Ind-Discretionary
DRIVEALONE,TNC-REG,0.0,Ind-Discretionary
SHARED2,TNC-REG,0.0,Ind-Discretionary
SHARED3,TNC-REG,0.0,Ind-Discretionary
WALK,TNC-REG,0.0,Ind-Discretionary
BIKE,TNC-REG,0.0,Ind-Discretionary
WALK-TRANSIT,TNC-REG,0.0,Ind-Discretionary
PNR-TRANSIT,TNC-REG,0.0,Ind-Discretionary
KNR-TRANSIT,TNC-REG,0.0,Ind-Discretionary
TNC-TRANSIT,TNC-REG,0.0,Ind-Discretionary
TAXI,TNC-REG,0.0,Ind-Discretionary
TNC-REG,TNC-REG,1908.04947003688,Ind-Discretionary
TNC-SHARED,TNC-REG,0.0,Ind-Discretionary
SCHOOLBUS,TNC-REG,0.0,Ind-Discretionary
ESCOOTER,TNC-REG,0.0,Ind-Discretionary
EBIKE,TNC-REG,0.0,Ind-Discretionary
All,TNC-SHARED,0.0,Ind-Discretionary
DRIVEALONE,TNC-SHARED,0.0,Ind-Discretionary
SHARED2,TNC-SHARED,0.0,Ind-Discretionary
SHARED3,TNC-SHARED,0.0,Ind-Discretionary
WALK,TNC-SHARED,0.0,Ind-Discretionary
BIKE,TNC-SHARED,0.0,Ind-Discretionary
WALK-TRANSIT,TNC-SHARED,0.0,Ind-Discretionary
PNR-TRANSIT,TNC-SHARED,0.0,Ind-Discretionary
KNR-TRANSIT,TNC-SHARED,0.0,Ind-Discretionary
TNC-TRANSIT,TNC-SHARED,0.0,Ind-Discretionary
TAXI,TNC-SHARED,0.0,Ind-Discretionary
TNC-REG,TNC-SHARED,0.0,Ind-Discretionary
TNC-SHARED,TNC-SHARED,0.0,Ind-Discretionary
SCHOOLBUS,TNC-SHARED,0.0,Ind-Discretionary
ESCOOTER,TNC-SHARED,0.0,Ind-Discretionary
EBIKE,TNC-SHARED,0.0,Ind-Discretionary
All,SCHOOLBUS,0.0,Ind-Discretionary
DRIVEALONE,SCHOOLBUS,0.0,Ind-Discretionary
SHARED2,SCHOOLBUS,0.0,Ind-Discretionary
SHARED3,SCHOOLBUS,0.0,Ind-Discretionary
WALK,SCHOOLBUS,0.0,Ind-Discretionary
BIKE,SCHOOLBUS,0.0,Ind-Discretionary
WALK-TRANSIT,SCHOOLBUS,0.0,Ind-Discretionary
PNR-TRANSIT,SCHOOLBUS,0.0,Ind-Discretionary
KNR-TRANSIT,SCHOOLBUS,0.0,Ind-Discretionary
TNC-TRANSIT,SCHOOLBUS,0.0,Ind-Discretionary
TAXI,SCHOOLBUS,0.0,Ind-Discretionary
TNC-REG,SCHOOLBUS,0.0,Ind-Discretionary
TNC-SHARED,SCHOOLBUS,0.0,Ind-Discretionary
SCHOOLBUS,SCHOOLBUS,0.0,Ind-Discretionary
ESCOOTER,SCHOOLBUS,0.0,Ind-Discretionary
EBIKE,SCHOOLBUS,0.0,Ind-Discretionary
All,ESCOOTER,2971.08250955352,Ind-Discretionary
DRIVEALONE,ESCOOTER,0.0,Ind-Discretionary
SHARED2,ESCOOTER,0.0,Ind-Discretionary
SHARED3,ESCOOTER,0.0,Ind-Discretionary
WALK,ESCOOTER,0.0,Ind-Discretionary
BIKE,ESCOOTER,0.0,Ind-Discretionary
WALK-TRANSIT,ESCOOTER,0.0,Ind-Discretionary
PNR-TRANSIT,ESCOOTER,0.0,Ind-Discretionary
KNR-TRANSIT,ESCOOTER,0.0,Ind-Discretionary
TNC-TRANSIT,ESCOOTER,0.0,Ind-Discretionary
TAXI,ESCOOTER,0.0,Ind-Discretionary
TNC-REG,ESCOOTER,0.0,Ind-Discretionary
TNC-SHARED,ESCOOTER,0.0,Ind-Discretionary
SCHOOLBUS,ESCOOTER,0.0,Ind-Discretionary
ESCOOTER,ESCOOTER,2971.08250955352,Ind-Discretionary
EBIKE,ESCOOTER,0.0,Ind-Discretionary
All,EBIKE,2165.81126340704,Ind-Discretionary
DRIVEALONE,EBIKE,0.0,Ind-Discretionary
SHARED2,EBIKE,0.0,Ind-Discretionary
SHARED3,EBIKE,0.0,Ind-Discretionary
WALK,EBIKE,0.0,Ind-Discretionary
BIKE,EBIKE,0.0,Ind-Discretionary
WALK-TRANSIT,EBIKE,0.0,Ind-Discretionary
PNR-TRANSIT,EBIKE,0.0,Ind-Discretionary
KNR-TRANSIT,EBIKE,0.0,Ind-Discretionary
TNC-TRANSIT,EBIKE,0.0,Ind-Discretionary
TAXI,EBIKE,0.0,Ind-Discretionary
TNC-REG,EBIKE,0.0,Ind-Discretionary
TNC-SHARED,EBIKE,0.0,Ind-Discretionary
SCHOOLBUS,EBIKE,0.0,Ind-Discretionary
ESCOOTER,EBIKE,0.0,Ind-Discretionary
EBIKE,EBIKE,2165.81126340704,Ind-Discretionary
All,All,873323.1297407476,Joint-Maintenance
DRIVEALONE,All,0.0,Joint-Maintenance
SHARED2,All,535095.8548074107,Joint-Maintenance
SHARED3,All,306519.590934374,Joint-Maintenance
WALK,All,26264.3636174906,Joint-Maintenance
BIKE,All,5143.71734512664,Joint-Maintenance
WALK-TRANSIT,All,0.0,Joint-Maintenance
PNR-TRANSIT,All,0.0,Joint-Maintenance
KNR-TRANSIT,All,0.0,Joint-Maintenance
TNC-TRANSIT,All,0.0,Joint-Maintenance
TAXI,All,0.0,Joint-Maintenance
TNC-REG,All,0.0,Joint-Maintenance
TNC-SHARED,All,0.0,Joint-Maintenance
SCHOOLBUS,All,0.0,Joint-Maintenance
ESCOOTER,All,0.0,Joint-Maintenance
EBIKE,All,299.603036345644,Joint-Maintenance
All,DRIVEALONE,0.0,Joint-Maintenance
DRIVEALONE,DRIVEALONE,0.0,Joint-Maintenance
SHARED2,DRIVEALONE,0.0,Joint-Maintenance
SHARED3,DRIVEALONE,0.0,Joint-Maintenance
WALK,DRIVEALONE,0.0,Joint-Maintenance
BIKE,DRIVEALONE,0.0,Joint-Maintenance
WALK-TRANSIT,DRIVEALONE,0.0,Joint-Maintenance
PNR-TRANSIT,DRIVEALONE,0.0,Joint-Maintenance
KNR-TRANSIT,DRIVEALONE,0.0,Joint-Maintenance
TNC-TRANSIT,DRIVEALONE,0.0,Joint-Maintenance
TAXI,DRIVEALONE,0.0,Joint-Maintenance
TNC-REG,DRIVEALONE,0.0,Joint-Maintenance
TNC-SHARED,DRIVEALONE,0.0,Joint-Maintenance
SCHOOLBUS,DRIVEALONE,0.0,Joint-Maintenance
ESCOOTER,DRIVEALONE,0.0,Joint-Maintenance
EBIKE,DRIVEALONE,0.0,Joint-Maintenance
All,SHARED2,548599.0463902731,Joint-Maintenance
DRIVEALONE,SHARED2,0.0,Joint-Maintenance
SHARED2,SHARED2,530295.591315327,Joint-Maintenance
SHARED3,SHARED2,0.0,Joint-Maintenance
WALK,SHARED2,18303.4550749462,Joint-Maintenance
BIKE,SHARED2,0.0,Joint-Maintenance
WALK-TRANSIT,SHARED2,0.0,Joint-Maintenance
PNR-TRANSIT,SHARED2,0.0,Joint-Maintenance
KNR-TRANSIT,SHARED2,0.0,Joint-Maintenance
TNC-TRANSIT,SHARED2,0.0,Joint-Maintenance
TAXI,SHARED2,0.0,Joint-Maintenance
TNC-REG,SHARED2,0.0,Joint-Maintenance
TNC-SHARED,SHARED2,0.0,Joint-Maintenance
SCHOOLBUS,SHARED2,0.0,Joint-Maintenance
ESCOOTER,SHARED2,0.0,Joint-Maintenance
EBIKE,SHARED2,0.0,Joint-Maintenance
All,SHARED3,313182.9700433132,Joint-Maintenance
DRIVEALONE,SHARED3,0.0,Joint-Maintenance
SHARED2,SHARED3,4800.26349208372,Joint-Maintenance
SHARED3,SHARED3,306519.590934374,Joint-Maintenance
WALK,SHARED3,1863.11561685545,Joint-Maintenance
BIKE,SHARED3,0.0,Joint-Maintenance
WALK-TRANSIT,SHARED3,0.0,Joint-Maintenance
PNR-TRANSIT,SHARED3,0.0,Joint-Maintenance
KNR-TRANSIT,SHARED3,0.0,Joint-Maintenance
TNC-TRANSIT,SHARED3,0.0,Joint-Maintenance
TAXI,SHARED3,0.0,Joint-Maintenance
TNC-REG,SHARED3,0.0,Joint-Maintenance
TNC-SHARED,SHARED3,0.0,Joint-Maintenance
SCHOOLBUS,SHARED3,0.0,Joint-Maintenance
ESCOOTER,SHARED3,0.0,Joint-Maintenance
EBIKE,SHARED3,0.0,Joint-Maintenance
All,WALK,6097.79292568895,Joint-Maintenance
DRIVEALONE,WALK,0.0,Joint-Maintenance
SHARED2,WALK,0.0,Joint-Maintenance
SHARED3,WALK,0.0,Joint-Maintenance
WALK,WALK,6097.79292568895,Joint-Maintenance
BIKE,WALK,0.0,Joint-Maintenance
WALK-TRANSIT,WALK,0.0,Joint-Maintenance
PNR-TRANSIT,WALK,0.0,Joint-Maintenance
KNR-TRANSIT,WALK,0.0,Joint-Maintenance
TNC-TRANSIT,WALK,0.0,Joint-Maintenance
TAXI,WALK,0.0,Joint-Maintenance
TNC-REG,WALK,0.0,Joint-Maintenance
TNC-SHARED,WALK,0.0,Joint-Maintenance
SCHOOLBUS,WALK,0.0,Joint-Maintenance
ESCOOTER,WALK,0.0,Joint-Maintenance
EBIKE,WALK,0.0,Joint-Maintenance
All,BIKE,5143.71734512664,Joint-Maintenance
DRIVEALONE,BIKE,0.0,Joint-Maintenance
SHARED2,BIKE,0.0,Joint-Maintenance
SHARED3,BIKE,0.0,Joint-Maintenance
WALK,BIKE,0.0,Joint-Maintenance
BIKE,BIKE,5143.71734512664,Joint-Maintenance
WALK-TRANSIT,BIKE,0.0,Joint-Maintenance
PNR-TRANSIT,BIKE,0.0,Joint-Maintenance
KNR-TRANSIT,BIKE,0.0,Joint-Maintenance
TNC-TRANSIT,BIKE,0.0,Joint-Maintenance
TAXI,BIKE,0.0,Joint-Maintenance
TNC-REG,BIKE,0.0,Joint-Maintenance
TNC-SHARED,BIKE,0.0,Joint-Maintenance
SCHOOLBUS,BIKE,0.0,Joint-Maintenance
ESCOOTER,BIKE,0.0,Joint-Maintenance
EBIKE,BIKE,0.0,Joint-Maintenance
All,WALK-TRANSIT,0.0,Joint-Maintenance
DRIVEALONE,WALK-TRANSIT,0.0,Joint-Maintenance
SHARED2,WALK-TRANSIT,0.0,Joint-Maintenance
SHARED3,WALK-TRANSIT,0.0,Joint-Maintenance
WALK,WALK-TRANSIT,0.0,Joint-Maintenance
BIKE,WALK-TRANSIT,0.0,Joint-Maintenance
WALK-TRANSIT,WALK-TRANSIT,0.0,Joint-Maintenance
PNR-TRANSIT,WALK-TRANSIT,0.0,Joint-Maintenance
KNR-TRANSIT,WALK-TRANSIT,0.0,Joint-Maintenance
TNC-TRANSIT,WALK-TRANSIT,0.0,Joint-Maintenance
TAXI,WALK-TRANSIT,0.0,Joint-Maintenance
TNC-REG,WALK-TRANSIT,0.0,Joint-Maintenance
TNC-SHARED,WALK-TRANSIT,0.0,Joint-Maintenance
SCHOOLBUS,WALK-TRANSIT,0.0,Joint-Maintenance
ESCOOTER,WALK-TRANSIT,0.0,Joint-Maintenance
EBIKE,WALK-TRANSIT,0.0,Joint-Maintenance
All,PNR-TRANSIT,0.0,Joint-Maintenance
DRIVEALONE,PNR-TRANSIT,0.0,Joint-Maintenance
SHARED2,PNR-TRANSIT,0.0,Joint-Maintenance
SHARED3,PNR-TRANSIT,0.0,Joint-Maintenance
WALK,PNR-TRANSIT,0.0,Joint-Maintenance
BIKE,PNR-TRANSIT,0.0,Joint-Maintenance
WALK-TRANSIT,PNR-TRANSIT,0.0,Joint-Maintenance
PNR-TRANSIT,PNR-TRANSIT,0.0,Joint-Maintenance
KNR-TRANSIT,PNR-TRANSIT,0.0,Joint-Maintenance
TNC-TRANSIT,PNR-TRANSIT,0.0,Joint-Maintenance
TAXI,PNR-TRANSIT,0.0,Joint-Maintenance
TNC-REG,PNR-TRANSIT,0.0,Joint-Maintenance
TNC-SHARED,PNR-TRANSIT,0.0,Joint-Maintenance
SCHOOLBUS,PNR-TRANSIT,0.0,Joint-Maintenance
ESCOOTER,PNR-TRANSIT,0.0,Joint-Maintenance
EBIKE,PNR-TRANSIT,0.0,Joint-Maintenance
All,KNR-TRANSIT,0.0,Joint-Maintenance
DRIVEALONE,KNR-TRANSIT,0.0,Joint-Maintenance
SHARED2,KNR-TRANSIT,0.0,Joint-Maintenance
SHARED3,KNR-TRANSIT,0.0,Joint-Maintenance
WALK,KNR-TRANSIT,0.0,Joint-Maintenance
BIKE,KNR-TRANSIT,0.0,Joint-Maintenance
WALK-TRANSIT,KNR-TRANSIT,0.0,Joint-Maintenance
PNR-TRANSIT,KNR-TRANSIT,0.0,Joint-Maintenance
KNR-TRANSIT,KNR-TRANSIT,0.0,Joint-Maintenance
TNC-TRANSIT,KNR-TRANSIT,0.0,Joint-Maintenance
TAXI,KNR-TRANSIT,0.0,Joint-Maintenance
TNC-REG,KNR-TRANSIT,0.0,Joint-Maintenance
TNC-SHARED,KNR-TRANSIT,0.0,Joint-Maintenance
SCHOOLBUS,KNR-TRANSIT,0.0,Joint-Maintenance
ESCOOTER,KNR-TRANSIT,0.0,Joint-Maintenance
EBIKE,KNR-TRANSIT,0.0,Joint-Maintenance
All,TNC-TRANSIT,0.0,Joint-Maintenance
DRIVEALONE,TNC-TRANSIT,0.0,Joint-Maintenance
SHARED2,TNC-TRANSIT,0.0,Joint-Maintenance
SHARED3,TNC-TRANSIT,0.0,Joint-Maintenance
WALK,TNC-TRANSIT,0.0,Joint-Maintenance
BIKE,TNC-TRANSIT,0.0,Joint-Maintenance
WALK-TRANSIT,TNC-TRANSIT,0.0,Joint-Maintenance
PNR-TRANSIT,TNC-TRANSIT,0.0,Joint-Maintenance
KNR-TRANSIT,TNC-TRANSIT,0.0,Joint-Maintenance
TNC-TRANSIT,TNC-TRANSIT,0.0,Joint-Maintenance
TAXI,TNC-TRANSIT,0.0,Joint-Maintenance
TNC-REG,TNC-TRANSIT,0.0,Joint-Maintenance
TNC-SHARED,TNC-TRANSIT,0.0,Joint-Maintenance
SCHOOLBUS,TNC-TRANSIT,0.0,Joint-Maintenance
ESCOOTER,TNC-TRANSIT,0.0,Joint-Maintenance
EBIKE,TNC-TRANSIT,0.0,Joint-Maintenance
All,TAXI,0.0,Joint-Maintenance
DRIVEALONE,TAXI,0.0,Joint-Maintenance
SHARED2,TAXI,0.0,Joint-Maintenance
SHARED3,TAXI,0.0,Joint-Maintenance
WALK,TAXI,0.0,Joint-Maintenance
BIKE,TAXI,0.0,Joint-Maintenance
WALK-TRANSIT,TAXI,0.0,Joint-Maintenance
PNR-TRANSIT,TAXI,0.0,Joint-Maintenance
KNR-TRANSIT,TAXI,0.0,Joint-Maintenance
TNC-TRANSIT,TAXI,0.0,Joint-Maintenance
TAXI,TAXI,0.0,Joint-Maintenance
TNC-REG,TAXI,0.0,Joint-Maintenance
TNC-SHARED,TAXI,0.0,Joint-Maintenance
SCHOOLBUS,TAXI,0.0,Joint-Maintenance
ESCOOTER,TAXI,0.0,Joint-Maintenance
EBIKE,TAXI,0.0,Joint-Maintenance
All,TNC-REG,0.0,Joint-Maintenance
DRIVEALONE,TNC-REG,0.0,Joint-Maintenance
SHARED2,TNC-REG,0.0,Joint-Maintenance
SHARED3,TNC-REG,0.0,Joint-Maintenance
WALK,TNC-REG,0.0,Joint-Maintenance
BIKE,TNC-REG,0.0,Joint-Maintenance
WALK-TRANSIT,TNC-REG,0.0,Joint-Maintenance
PNR-TRANSIT,TNC-REG,0.0,Joint-Maintenance
KNR-TRANSIT,TNC-REG,0.0,Joint-Maintenance
TNC-TRANSIT,TNC-REG,0.0,Joint-Maintenance
TAXI,TNC-REG,0.0,Joint-Maintenance
TNC-REG,TNC-REG,0.0,Joint-Maintenance
TNC-SHARED,TNC-REG,0.0,Joint-Maintenance
SCHOOLBUS,TNC-REG,0.0,Joint-Maintenance
ESCOOTER,TNC-REG,0.0,Joint-Maintenance
EBIKE,TNC-REG,0.0,Joint-Maintenance
All,TNC-SHARED,0.0,Joint-Maintenance
DRIVEALONE,TNC-SHARED,0.0,Joint-Maintenance
SHARED2,TNC-SHARED,0.0,Joint-Maintenance
SHARED3,TNC-SHARED,0.0,Joint-Maintenance
WALK,TNC-SHARED,0.0,Joint-Maintenance
BIKE,TNC-SHARED,0.0,Joint-Maintenance
WALK-TRANSIT,TNC-SHARED,0.0,Joint-Maintenance
PNR-TRANSIT,TNC-SHARED,0.0,Joint-Maintenance
KNR-TRANSIT,TNC-SHARED,0.0,Joint-Maintenance
TNC-TRANSIT,TNC-SHARED,0.0,Joint-Maintenance
TAXI,TNC-SHARED,0.0,Joint-Maintenance
TNC-REG,TNC-SHARED,0.0,Joint-Maintenance
TNC-SHARED,TNC-SHARED,0.0,Joint-Maintenance
SCHOOLBUS,TNC-SHARED,0.0,Joint-Maintenance
ESCOOTER,TNC-SHARED,0.0,Joint-Maintenance
EBIKE,TNC-SHARED,0.0,Joint-Maintenance
All,SCHOOLBUS,0.0,Joint-Maintenance
DRIVEALONE,SCHOOLBUS,0.0,Joint-Maintenance
SHARED2,SCHOOLBUS,0.0,Joint-Maintenance
SHARED3,SCHOOLBUS,0.0,Joint-Maintenance
WALK,SCHOOLBUS,0.0,Joint-Maintenance
BIKE,SCHOOLBUS,0.0,Joint-Maintenance
WALK-TRANSIT,SCHOOLBUS,0.0,Joint-Maintenance
PNR-TRANSIT,SCHOOLBUS,0.0,Joint-Maintenance
KNR-TRANSIT,SCHOOLBUS,0.0,Joint-Maintenance
TNC-TRANSIT,SCHOOLBUS,0.0,Joint-Maintenance
TAXI,SCHOOLBUS,0.0,Joint-Maintenance
TNC-REG,SCHOOLBUS,0.0,Joint-Maintenance
TNC-SHARED,SCHOOLBUS,0.0,Joint-Maintenance
SCHOOLBUS,SCHOOLBUS,0.0,Joint-Maintenance
ESCOOTER,SCHOOLBUS,0.0,Joint-Maintenance
EBIKE,SCHOOLBUS,0.0,Joint-Maintenance
All,ESCOOTER,0.0,Joint-Maintenance
DRIVEALONE,ESCOOTER,0.0,Joint-Maintenance
SHARED2,ESCOOTER,0.0,Joint-Maintenance
SHARED3,ESCOOTER,0.0,Joint-Maintenance
WALK,ESCOOTER,0.0,Joint-Maintenance
BIKE,ESCOOTER,0.0,Joint-Maintenance
WALK-TRANSIT,ESCOOTER,0.0,Joint-Maintenance
PNR-TRANSIT,ESCOOTER,0.0,Joint-Maintenance
KNR-TRANSIT,ESCOOTER,0.0,Joint-Maintenance
TNC-TRANSIT,ESCOOTER,0.0,Joint-Maintenance
TAXI,ESCOOTER,0.0,Joint-Maintenance
TNC-REG,ESCOOTER,0.0,Joint-Maintenance
TNC-SHARED,ESCOOTER,0.0,Joint-Maintenance
SCHOOLBUS,ESCOOTER,0.0,Joint-Maintenance
ESCOOTER,ESCOOTER,0.0,Joint-Maintenance
EBIKE,ESCOOTER,0.0,Joint-Maintenance
All,EBIKE,299.603036345644,Joint-Maintenance
DRIVEALONE,EBIKE,0.0,Joint-Maintenance
SHARED2,EBIKE,0.0,Joint-Maintenance
SHARED3,EBIKE,0.0,Joint-Maintenance
WALK,EBIKE,0.0,Joint-Maintenance
BIKE,EBIKE,0.0,Joint-Maintenance
WALK-TRANSIT,EBIKE,0.0,Joint-Maintenance
PNR-TRANSIT,EBIKE,0.0,Joint-Maintenance
KNR-TRANSIT,EBIKE,0.0,Joint-Maintenance
TNC-TRANSIT,EBIKE,0.0,Joint-Maintenance
TAXI,EBIKE,0.0,Joint-Maintenance
TNC-REG,EBIKE,0.0,Joint-Maintenance
TNC-SHARED,EBIKE,0.0,Joint-Maintenance
SCHOOLBUS,EBIKE,0.0,Joint-Maintenance
ESCOOTER,EBIKE,0.0,Joint-Maintenance
EBIKE,EBIKE,299.603036345644,Joint-Maintenance
All,All,1113973.2569043974,Joint-Discretionary
DRIVEALONE,All,0.0,Joint-Discretionary
SHARED2,All,554571.6827167514,Joint-Discretionary
SHARED3,All,307487.732136806,Joint-Discretionary
WALK,All,249778.2876354955,Joint-Discretionary
BIKE,All,1242.85666586099,Joint-Discretionary
WALK-TRANSIT,All,0.0,Joint-Discretionary
PNR-TRANSIT,All,0.0,Joint-Discretionary
KNR-TRANSIT,All,0.0,Joint-Discretionary
TNC-TRANSIT,All,0.0,Joint-Discretionary
TAXI,All,0.0,Joint-Discretionary
TNC-REG,All,0.0,Joint-Discretionary
TNC-SHARED,All,0.0,Joint-Discretionary
SCHOOLBUS,All,0.0,Joint-Discretionary
ESCOOTER,All,0.0,Joint-Discretionary
EBIKE,All,892.69774948352,Joint-Discretionary
All,DRIVEALONE,0.0,Joint-Discretionary
DRIVEALONE,DRIVEALONE,0.0,Joint-Discretionary
SHARED2,DRIVEALONE,0.0,Joint-Discretionary
SHARED3,DRIVEALONE,0.0,Joint-Discretionary
WALK,DRIVEALONE,0.0,Joint-Discretionary
BIKE,DRIVEALONE,0.0,Joint-Discretionary
WALK-TRANSIT,DRIVEALONE,0.0,Joint-Discretionary
PNR-TRANSIT,DRIVEALONE,0.0,Joint-Discretionary
KNR-TRANSIT,DRIVEALONE,0.0,Joint-Discretionary
TNC-TRANSIT,DRIVEALONE,0.0,Joint-Discretionary
TAXI,DRIVEALONE,0.0,Joint-Discretionary
TNC-REG,DRIVEALONE,0.0,Joint-Discretionary
TNC-SHARED,DRIVEALONE,0.0,Joint-Discretionary
SCHOOLBUS,DRIVEALONE,0.0,Joint-Discretionary
ESCOOTER,DRIVEALONE,0.0,Joint-Discretionary
EBIKE,DRIVEALONE,0.0,Joint-Discretionary
All,SHARED2,566512.4177509932,Joint-Discretionary
DRIVEALONE,SHARED2,0.0,Joint-Discretionary
SHARED2,SHARED2,546580.82017769,Joint-Discretionary
SHARED3,SHARED2,0.0,Joint-Discretionary
WALK,SHARED2,19931.5975733031,Joint-Discretionary
BIKE,SHARED2,0.0,Joint-Discretionary
WALK-TRANSIT,SHARED2,0.0,Joint-Discretionary
PNR-TRANSIT,SHARED2,0.0,Joint-Discretionary
KNR-TRANSIT,SHARED2,0.0,Joint-Discretionary
TNC-TRANSIT,SHARED2,0.0,Joint-Discretionary
TAXI,SHARED2,0.0,Joint-Discretionary
TNC-REG,SHARED2,0.0,Joint-Discretionary
TNC-SHARED,SHARED2,0.0,Joint-Discretionary
SCHOOLBUS,SHARED2,0.0,Joint-Discretionary
ESCOOTER,SHARED2,0.0,Joint-Discretionary
EBIKE,SHARED2,0.0,Joint-Discretionary
All,SHARED3,331477.6360925957,Joint-Discretionary
DRIVEALONE,SHARED3,0.0,Joint-Discretionary
SHARED2,SHARED3,7990.86253906131,Joint-Discretionary
SHARED3,SHARED3,307487.732136806,Joint-Discretionary
WALK,SHARED3,15999.0414167284,Joint-Discretionary
BIKE,SHARED3,0.0,Joint-Discretionary
WALK-TRANSIT,SHARED3,0.0,Joint-Discretionary
PNR-TRANSIT,SHARED3,0.0,Joint-Discretionary
KNR-TRANSIT,SHARED3,0.0,Joint-Discretionary
TNC-TRANSIT,SHARED3,0.0,Joint-Discretionary
TAXI,SHARED3,0.0,Joint-Discretionary
TNC-REG,SHARED3,0.0,Joint-Discretionary
TNC-SHARED,SHARED3,0.0,Joint-Discretionary
SCHOOLBUS,SHARED3,0.0,Joint-Discretionary
ESCOOTER,SHARED3,0.0,Joint-Discretionary
EBIKE,SHARED3,0.0,Joint-Discretionary
All,WALK,213847.648645464,Joint-Discretionary
DRIVEALONE,WALK,0.0,Joint-Discretionary
SHARED2,WALK,0.0,Joint-Discretionary
SHARED3,WALK,0.0,Joint-Discretionary
WALK,WALK,213847.648645464,Joint-Discretionary
BIKE,WALK,0.0,Joint-Discretionary
WALK-TRANSIT,WALK,0.0,Joint-Discretionary
PNR-TRANSIT,WALK,0.0,Joint-Discretionary
KNR-TRANSIT,WALK,0.0,Joint-Discretionary
TNC-TRANSIT,WALK,0.0,Joint-Discretionary
TAXI,WALK,0.0,Joint-Discretionary
TNC-REG,WALK,0.0,Joint-Discretionary
TNC-SHARED,WALK,0.0,Joint-Discretionary
SCHOOLBUS,WALK,0.0,Joint-Discretionary
ESCOOTER,WALK,0.0,Joint-Discretionary
EBIKE,WALK,0.0,Joint-Discretionary
All,BIKE,1242.85666586099,Joint-Discretionary
DRIVEALONE,BIKE,0.0,Joint-Discretionary
SHARED2,BIKE,0.0,Joint-Discretionary
SHARED3,BIKE,0.0,Joint-Discretionary
WALK,BIKE,0.0,Joint-Discretionary
BIKE,BIKE,1242.85666586099,Joint-Discretionary
WALK-TRANSIT,BIKE,0.0,Joint-Discretionary
PNR-TRANSIT,BIKE,0.0,Joint-Discretionary
KNR-TRANSIT,BIKE,0.0,Joint-Discretionary
TNC-TRANSIT,BIKE,0.0,Joint-Discretionary
TAXI,BIKE,0.0,Joint-Discretionary
TNC-REG,BIKE,0.0,Joint-Discretionary
TNC-SHARED,BIKE,0.0,Joint-Discretionary
SCHOOLBUS,BIKE,0.0,Joint-Discretionary
ESCOOTER,BIKE,0.0,Joint-Discretionary
EBIKE,BIKE,0.0,Joint-Discretionary
All,WALK-TRANSIT,0.0,Joint-Discretionary
DRIVEALONE,WALK-TRANSIT,0.0,Joint-Discretionary
SHARED2,WALK-TRANSIT,0.0,Joint-Discretionary
SHARED3,WALK-TRANSIT,0.0,Joint-Discretionary
WALK,WALK-TRANSIT,0.0,Joint-Discretionary
BIKE,WALK-TRANSIT,0.0,Joint-Discretionary
WALK-TRANSIT,WALK-TRANSIT,0.0,Joint-Discretionary
PNR-TRANSIT,WALK-TRANSIT,0.0,Joint-Discretionary
KNR-TRANSIT,WALK-TRANSIT,0.0,Joint-Discretionary
TNC-TRANSIT,WALK-TRANSIT,0.0,Joint-Discretionary
TAXI,WALK-TRANSIT,0.0,Joint-Discretionary
TNC-REG,WALK-TRANSIT,0.0,Joint-Discretionary
TNC-SHARED,WALK-TRANSIT,0.0,Joint-Discretionary
SCHOOLBUS,WALK-TRANSIT,0.0,Joint-Discretionary
ESCOOTER,WALK-TRANSIT,0.0,Joint-Discretionary
EBIKE,WALK-TRANSIT,0.0,Joint-Discretionary
All,PNR-TRANSIT,0.0,Joint-Discretionary
DRIVEALONE,PNR-TRANSIT,0.0,Joint-Discretionary
SHARED2,PNR-TRANSIT,0.0,Joint-Discretionary
SHARED3,PNR-TRANSIT,0.0,Joint-Discretionary
WALK,PNR-TRANSIT,0.0,Joint-Discretionary
BIKE,PNR-TRANSIT,0.0,Joint-Discretionary
WALK-TRANSIT,PNR-TRANSIT,0.0,Joint-Discretionary
PNR-TRANSIT,PNR-TRANSIT,0.0,Joint-Discretionary
KNR-TRANSIT,PNR-TRANSIT,0.0,Joint-Discretionary
TNC-TRANSIT,PNR-TRANSIT,0.0,Joint-Discretionary
TAXI,PNR-TRANSIT,0.0,Joint-Discretionary
TNC-REG,PNR-TRANSIT,0.0,Joint-Discretionary
TNC-SHARED,PNR-TRANSIT,0.0,Joint-Discretionary
SCHOOLBUS,PNR-TRANSIT,0.0,Joint-Discretionary
ESCOOTER,PNR-TRANSIT,0.0,Joint-Discretionary
EBIKE,PNR-TRANSIT,0.0,Joint-Discretionary
All,KNR-TRANSIT,0.0,Joint-Discretionary
DRIVEALONE,KNR-TRANSIT,0.0,Joint-Discretionary
SHARED2,KNR-TRANSIT,0.0,Joint-Discretionary
SHARED3,KNR-TRANSIT,0.0,Joint-Discretionary
WALK,KNR-TRANSIT,0.0,Joint-Discretionary
BIKE,KNR-TRANSIT,0.0,Joint-Discretionary
WALK-TRANSIT,KNR-TRANSIT,0.0,Joint-Discretionary
PNR-TRANSIT,KNR-TRANSIT,0.0,Joint-Discretionary
KNR-TRANSIT,KNR-TRANSIT,0.0,Joint-Discretionary
TNC-TRANSIT,KNR-TRANSIT,0.0,Joint-Discretionary
TAXI,KNR-TRANSIT,0.0,Joint-Discretionary
TNC-REG,KNR-TRANSIT,0.0,Joint-Discretionary
TNC-SHARED,KNR-TRANSIT,0.0,Joint-Discretionary
SCHOOLBUS,KNR-TRANSIT,0.0,Joint-Discretionary
ESCOOTER,KNR-TRANSIT,0.0,Joint-Discretionary
EBIKE,KNR-TRANSIT,0.0,Joint-Discretionary
All,TNC-TRANSIT,0.0,Joint-Discretionary
DRIVEALONE,TNC-TRANSIT,0.0,Joint-Discretionary
SHARED2,TNC-TRANSIT,0.0,Joint-Discretionary
SHARED3,TNC-TRANSIT,0.0,Joint-Discretionary
WALK,TNC-TRANSIT,0.0,Joint-Discretionary
BIKE,TNC-TRANSIT,0.0,Joint-Discretionary
WALK-TRANSIT,TNC-TRANSIT,0.0,Joint-Discretionary
PNR-TRANSIT,TNC-TRANSIT,0.0,Joint-Discretionary
KNR-TRANSIT,TNC-TRANSIT,0.0,Joint-Discretionary
TNC-TRANSIT,TNC-TRANSIT,0.0,Joint-Discretionary
TAXI,TNC-TRANSIT,0.0,Joint-Discretionary
TNC-REG,TNC-TRANSIT,0.0,Joint-Discretionary
TNC-SHARED,TNC-TRANSIT,0.0,Joint-Discretionary
SCHOOLBUS,TNC-TRANSIT,0.0,Joint-Discretionary
ESCOOTER,TNC-TRANSIT,0.0,Joint-Discretionary
EBIKE,TNC-TRANSIT,0.0,Joint-Discretionary
All,TAXI,0.0,Joint-Discretionary
DRIVEALONE,TAXI,0.0,Joint-Discretionary
SHARED2,TAXI,0.0,Joint-Discretionary
SHARED3,TAXI,0.0,Joint-Discretionary
WALK,TAXI,0.0,Joint-Discretionary
BIKE,TAXI,0.0,Joint-Discretionary
WALK-TRANSIT,TAXI,0.0,Joint-Discretionary
PNR-TRANSIT,TAXI,0.0,Joint-Discretionary
KNR-TRANSIT,TAXI,0.0,Joint-Discretionary
TNC-TRANSIT,TAXI,0.0,Joint-Discretionary
TAXI,TAXI,0.0,Joint-Discretionary
TNC-REG,TAXI,0.0,Joint-Discretionary
TNC-SHARED,TAXI,0.0,Joint-Discretionary
SCHOOLBUS,TAXI,0.0,Joint-Discretionary
ESCOOTER,TAXI,0.0,Joint-Discretionary
EBIKE,TAXI,0.0,Joint-Discretionary
All,TNC-REG,0.0,Joint-Discretionary
DRIVEALONE,TNC-REG,0.0,Joint-Discretionary
SHARED2,TNC-REG,0.0,Joint-Discretionary
SHARED3,TNC-REG,0.0,Joint-Discretionary
WALK,TNC-REG,0.0,Joint-Discretionary
BIKE,TNC-REG,0.0,Joint-Discretionary
WALK-TRANSIT,TNC-REG,0.0,Joint-Discretionary
PNR-TRANSIT,TNC-REG,0.0,Joint-Discretionary
KNR-TRANSIT,TNC-REG,0.0,Joint-Discretionary
TNC-TRANSIT,TNC-REG,0.0,Joint-Discretionary
TAXI,TNC-REG,0.0,Joint-Discretionary
TNC-REG,TNC-REG,0.0,Joint-Discretionary
TNC-SHARED,TNC-REG,0.0,Joint-Discretionary
SCHOOLBUS,TNC-REG,0.0,Joint-Discretionary
ESCOOTER,TNC-REG,0.0,Joint-Discretionary
EBIKE,TNC-REG,0.0,Joint-Discretionary
All,TNC-SHARED,0.0,Joint-Discretionary
DRIVEALONE,TNC-SHARED,0.0,Joint-Discretionary
SHARED2,TNC-SHARED,0.0,Joint-Discretionary
SHARED3,TNC-SHARED,0.0,Joint-Discretionary
WALK,TNC-SHARED,0.0,Joint-Discretionary
BIKE,TNC-SHARED,0.0,Joint-Discretionary
WALK-TRANSIT,TNC-SHARED,0.0,Joint-Discretionary
PNR-TRANSIT,TNC-SHARED,0.0,Joint-Discretionary
KNR-TRANSIT,TNC-SHARED,0.0,Joint-Discretionary
TNC-TRANSIT,TNC-SHARED,0.0,Joint-Discretionary
TAXI,TNC-SHARED,0.0,Joint-Discretionary
TNC-REG,TNC-SHARED,0.0,Joint-Discretionary
TNC-SHARED,TNC-SHARED,0.0,Joint-Discretionary
SCHOOLBUS,TNC-SHARED,0.0,Joint-Discretionary
ESCOOTER,TNC-SHARED,0.0,Joint-Discretionary
EBIKE,TNC-SHARED,0.0,Joint-Discretionary
All,SCHOOLBUS,0.0,Joint-Discretionary
DRIVEALONE,SCHOOLBUS,0.0,Joint-Discretionary
SHARED2,SCHOOLBUS,0.0,Joint-Discretionary
SHARED3,SCHOOLBUS,0.0,Joint-Discretionary
WALK,SCHOOLBUS,0.0,Joint-Discretionary
BIKE,SCHOOLBUS,0.0,Joint-Discretionary
WALK-TRANSIT,SCHOOLBUS,0.0,Joint-Discretionary
PNR-TRANSIT,SCHOOLBUS,0.0,Joint-Discretionary
KNR-TRANSIT,SCHOOLBUS,0.0,Joint-Discretionary
TNC-TRANSIT,SCHOOLBUS,0.0,Joint-Discretionary
TAXI,SCHOOLBUS,0.0,Joint-Discretionary
TNC-REG,SCHOOLBUS,0.0,Joint-Discretionary
TNC-SHARED,SCHOOLBUS,0.0,Joint-Discretionary
SCHOOLBUS,SCHOOLBUS,0.0,Joint-Discretionary
ESCOOTER,SCHOOLBUS,0.0,Joint-Discretionary
EBIKE,SCHOOLBUS,0.0,Joint-Discretionary
All,ESCOOTER,0.0,Joint-Discretionary
DRIVEALONE,ESCOOTER,0.0,Joint-Discretionary
SHARED2,ESCOOTER,0.0,Joint-Discretionary
SHARED3,ESCOOTER,0.0,Joint-Discretionary
WALK,ESCOOTER,0.0,Joint-Discretionary
BIKE,ESCOOTER,0.0,Joint-Discretionary
WALK-TRANSIT,ESCOOTER,0.0,Joint-Discretionary
PNR-TRANSIT,ESCOOTER,0.0,Joint-Discretionary
KNR-TRANSIT,ESCOOTER,0.0,Joint-Discretionary
TNC-TRANSIT,ESCOOTER,0.0,Joint-Discretionary
TAXI,ESCOOTER,0.0,Joint-Discretionary
TNC-REG,ESCOOTER,0.0,Joint-Discretionary
TNC-SHARED,ESCOOTER,0.0,Joint-Discretionary
SCHOOLBUS,ESCOOTER,0.0,Joint-Discretionary
ESCOOTER,ESCOOTER,0.0,Joint-Discretionary
EBIKE,ESCOOTER,0.0,Joint-Discretionary
All,EBIKE,892.69774948352,Joint-Discretionary
DRIVEALONE,EBIKE,0.0,Joint-Discretionary
SHARED2,EBIKE,0.0,Joint-Discretionary
SHARED3,EBIKE,0.0,Joint-Discretionary
WALK,EBIKE,0.0,Joint-Discretionary
BIKE,EBIKE,0.0,Joint-Discretionary
WALK-TRANSIT,EBIKE,0.0,Joint-Discretionary
PNR-TRANSIT,EBIKE,0.0,Joint-Discretionary
KNR-TRANSIT,EBIKE,0.0,Joint-Discretionary
TNC-TRANSIT,EBIKE,0.0,Joint-Discretionary
TAXI,EBIKE,0.0,Joint-Discretionary
TNC-REG,EBIKE,0.0,Joint-Discretionary
TNC-SHARED,EBIKE,0.0,Joint-Discretionary
SCHOOLBUS,EBIKE,0.0,Joint-Discretionary
ESCOOTER,EBIKE,0.0,Joint-Discretionary
EBIKE,EBIKE,892.69774948352,Joint-Discretionary
All,All,281174.26081776246,Work sub-tour
DRIVEALONE,All,179889.52171135528,Work sub-tour
SHARED2,All,17566.332820587035,Work sub-tour
SHARED3,All,11376.833426079,Work sub-tour
WALK,All,69032.6667413774,Work sub-tour
BIKE,All,2776.98958413532,Work sub-tour
WALK-TRANSIT,All,57.4441277071772,Work sub-tour
PNR-TRANSIT,All,0.0,Work sub-tour
KNR-TRANSIT,All,0.0,Work sub-tour
TNC-TRANSIT,All,0.0,Work sub-tour
TAXI,All,0.0,Work sub-tour
TNC-REG,All,17.2677990272926,Work sub-tour
TNC-SHARED,All,0.0,Work sub-tour
SCHOOLBUS,All,0.0,Work sub-tour
ESCOOTER,All,0.0,Work sub-tour
EBIKE,All,442.843575567199,Work sub-tour
All,DRIVEALONE,166335.01265527584,Work sub-tour
DRIVEALONE,DRIVEALONE,165049.252859179,Work sub-tour
SHARED2,DRIVEALONE,0.0,Work sub-tour
SHARED3,DRIVEALONE,0.0,Work sub-tour
WALK,DRIVEALONE,1268.49199706957,Work sub-tour
BIKE,DRIVEALONE,0.0,Work sub-tour
WALK-TRANSIT,DRIVEALONE,0.0,Work sub-tour
PNR-TRANSIT,DRIVEALONE,0.0,Work sub-tour
KNR-TRANSIT,DRIVEALONE,0.0,Work sub-tour
TNC-TRANSIT,DRIVEALONE,0.0,Work sub-tour
TAXI,DRIVEALONE,0.0,Work sub-tour
TNC-REG,DRIVEALONE,17.2677990272926,Work sub-tour
TNC-SHARED,DRIVEALONE,0.0,Work sub-tour
SCHOOLBUS,DRIVEALONE,0.0,Work sub-tour
ESCOOTER,DRIVEALONE,0.0,Work sub-tour
EBIKE,DRIVEALONE,0.0,Work sub-tour
All,SHARED2,29922.99580372367,Work sub-tour
DRIVEALONE,SHARED2,12054.9895266432,Work sub-tour
SHARED2,SHARED2,17555.8340173163,Work sub-tour
SHARED3,SHARED2,0.0,Work sub-tour
WALK,SHARED2,312.172259764168,Work sub-tour
BIKE,SHARED2,0.0,Work sub-tour
WALK-TRANSIT,SHARED2,0.0,Work sub-tour
PNR-TRANSIT,SHARED2,0.0,Work sub-tour
KNR-TRANSIT,SHARED2,0.0,Work sub-tour
TNC-TRANSIT,SHARED2,0.0,Work sub-tour
TAXI,SHARED2,0.0,Work sub-tour
TNC-REG,SHARED2,0.0,Work sub-tour
TNC-SHARED,SHARED2,0.0,Work sub-tour
SCHOOLBUS,SHARED2,0.0,Work sub-tour
ESCOOTER,SHARED2,0.0,Work sub-tour
EBIKE,SHARED2,0.0,Work sub-tour
All,SHARED3,14183.110358153554,Work sub-tour
DRIVEALONE,SHARED3,2785.27932553309,Work sub-tour
SHARED2,SHARED3,10.4988032707324,Work sub-tour
SHARED3,SHARED3,11376.833426079,Work sub-tour
WALK,SHARED3,10.4988032707324,Work sub-tour
BIKE,SHARED3,0.0,Work sub-tour
WALK-TRANSIT,SHARED3,0.0,Work sub-tour
PNR-TRANSIT,SHARED3,0.0,Work sub-tour
KNR-TRANSIT,SHARED3,0.0,Work sub-tour
TNC-TRANSIT,SHARED3,0.0,Work sub-tour
TAXI,SHARED3,0.0,Work sub-tour
TNC-REG,SHARED3,0.0,Work sub-tour
TNC-SHARED,SHARED3,0.0,Work sub-tour
SCHOOLBUS,SHARED3,0.0,Work sub-tour
ESCOOTER,SHARED3,0.0,Work sub-tour
EBIKE,SHARED3,0.0,Work sub-tour
All,WALK,67424.2196809755,Work sub-tour
DRIVEALONE,WALK,0.0,Work sub-tour
SHARED2,WALK,0.0,Work sub-tour
SHARED3,WALK,0.0,Work sub-tour
WALK,WALK,67424.2196809755,Work sub-tour
BIKE,WALK,0.0,Work sub-tour
WALK-TRANSIT,WALK,0.0,Work sub-tour
PNR-TRANSIT,WALK,0.0,Work sub-tour
KNR-TRANSIT,WALK,0.0,Work sub-tour
TNC-TRANSIT,WALK,0.0,Work sub-tour
TAXI,WALK,0.0,Work sub-tour
TNC-REG,WALK,0.0,Work sub-tour
TNC-SHARED,WALK,0.0,Work sub-tour
SCHOOLBUS,WALK,0.0,Work sub-tour
ESCOOTER,WALK,0.0,Work sub-tour
EBIKE,WALK,0.0,Work sub-tour
All,BIKE,2794.273584432741,Work sub-tour
DRIVEALONE,BIKE,0.0,Work sub-tour
SHARED2,BIKE,0.0,Work sub-tour
SHARED3,BIKE,0.0,Work sub-tour
WALK,BIKE,17.2840002974213,Work sub-tour
BIKE,BIKE,2776.98958413532,Work sub-tour
WALK-TRANSIT,BIKE,0.0,Work sub-tour
PNR-TRANSIT,BIKE,0.0,Work sub-tour
KNR-TRANSIT,BIKE,0.0,Work sub-tour
TNC-TRANSIT,BIKE,0.0,Work sub-tour
TAXI,BIKE,0.0,Work sub-tour
TNC-REG,BIKE,0.0,Work sub-tour
TNC-SHARED,BIKE,0.0,Work sub-tour
SCHOOLBUS,BIKE,0.0,Work sub-tour
ESCOOTER,BIKE,0.0,Work sub-tour
EBIKE,BIKE,0.0,Work sub-tour
All,WALK-TRANSIT,71.8051596339715,Work sub-tour
DRIVEALONE,WALK-TRANSIT,0.0,Work sub-tour
SHARED2,WALK-TRANSIT,0.0,Work sub-tour
SHARED3,WALK-TRANSIT,0.0,Work sub-tour
WALK,WALK-TRANSIT,0.0,Work sub-tour
BIKE,WALK-TRANSIT,0.0,Work sub-tour
WALK-TRANSIT,WALK-TRANSIT,57.4441277071772,Work sub-tour
PNR-TRANSIT,WALK-TRANSIT,0.0,Work sub-tour
KNR-TRANSIT,WALK-TRANSIT,0.0,Work sub-tour
TNC-TRANSIT,WALK-TRANSIT,0.0,Work sub-tour
TAXI,WALK-TRANSIT,0.0,Work sub-tour
TNC-REG,WALK-TRANSIT,0.0,Work sub-tour
TNC-SHARED,WALK-TRANSIT,0.0,Work sub-tour
SCHOOLBUS,WALK-TRANSIT,0.0,Work sub-tour
ESCOOTER,WALK-TRANSIT,0.0,Work sub-tour
EBIKE,WALK-TRANSIT,0.0,Work sub-tour
All,PNR-TRANSIT,0.0,Work sub-tour
DRIVEALONE,PNR-TRANSIT,0.0,Work sub-tour
SHARED2,PNR-TRANSIT,0.0,Work sub-tour
SHARED3,PNR-TRANSIT,0.0,Work sub-tour
WALK,PNR-TRANSIT,0.0,Work sub-tour
BIKE,PNR-TRANSIT,0.0,Work sub-tour
WALK-TRANSIT,PNR-TRANSIT,0.0,Work sub-tour
PNR-TRANSIT,PNR-TRANSIT,0.0,Work sub-tour
KNR-TRANSIT,PNR-TRANSIT,0.0,Work sub-tour
TNC-TRANSIT,PNR-TRANSIT,0.0,Work sub-tour
TAXI,PNR-TRANSIT,0.0,Work sub-tour
TNC-REG,PNR-TRANSIT,0.0,Work sub-tour
TNC-SHARED,PNR-TRANSIT,0.0,Work sub-tour
SCHOOLBUS,PNR-TRANSIT,0.0,Work sub-tour
ESCOOTER,PNR-TRANSIT,0.0,Work sub-tour
EBIKE,PNR-TRANSIT,0.0,Work sub-tour
All,KNR-TRANSIT,0.0,Work sub-tour
DRIVEALONE,KNR-TRANSIT,0.0,Work sub-tour
SHARED2,KNR-TRANSIT,0.0,Work sub-tour
SHARED3,KNR-TRANSIT,0.0,Work sub-tour
WALK,KNR-TRANSIT,0.0,Work sub-tour
BIKE,KNR-TRANSIT,0.0,Work sub-tour
WALK-TRANSIT,KNR-TRANSIT,0.0,Work sub-tour
PNR-TRANSIT,KNR-TRANSIT,0.0,Work sub-tour
KNR-TRANSIT,KNR-TRANSIT,0.0,Work sub-tour
TNC-TRANSIT,KNR-TRANSIT,0.0,Work sub-tour
TAXI,KNR-TRANSIT,0.0,Work sub-tour
TNC-REG,KNR-TRANSIT,0.0,Work sub-tour
TNC-SHARED,KNR-TRANSIT,0.0,Work sub-tour
SCHOOLBUS,KNR-TRANSIT,0.0,Work sub-tour
ESCOOTER,KNR-TRANSIT,0.0,Work sub-tour
EBIKE,KNR-TRANSIT,0.0,Work sub-tour
All,TNC-TRANSIT,0.0,Work sub-tour
DRIVEALONE,TNC-TRANSIT,0.0,Work sub-tour
SHARED2,TNC-TRANSIT,0.0,Work sub-tour
SHARED3,TNC-TRANSIT,0.0,Work sub-tour
WALK,TNC-TRANSIT,0.0,Work sub-tour
BIKE,TNC-TRANSIT,0.0,Work sub-tour
WALK-TRANSIT,TNC-TRANSIT,0.0,Work sub-tour
PNR-TRANSIT,TNC-TRANSIT,0.0,Work sub-tour
KNR-TRANSIT,TNC-TRANSIT,0.0,Work sub-tour
TNC-TRANSIT,TNC-TRANSIT,0.0,Work sub-tour
TAXI,TNC-TRANSIT,0.0,Work sub-tour
TNC-REG,TNC-TRANSIT,0.0,Work sub-tour
TNC-SHARED,TNC-TRANSIT,0.0,Work sub-tour
SCHOOLBUS,TNC-TRANSIT,0.0,Work sub-tour
ESCOOTER,TNC-TRANSIT,0.0,Work sub-tour
EBIKE,TNC-TRANSIT,0.0,Work sub-tour
All,TAXI,0.0,Work sub-tour
DRIVEALONE,TAXI,0.0,Work sub-tour
SHARED2,TAXI,0.0,Work sub-tour
SHARED3,TAXI,0.0,Work sub-tour
WALK,TAXI,0.0,Work sub-tour
BIKE,TAXI,0.0,Work sub-tour
WALK-TRANSIT,TAXI,0.0,Work sub-tour
PNR-TRANSIT,TAXI,0.0,Work sub-tour
KNR-TRANSIT,TAXI,0.0,Work sub-tour
TNC-TRANSIT,TAXI,0.0,Work sub-tour
TAXI,TAXI,0.0,Work sub-tour
TNC-REG,TAXI,0.0,Work sub-tour
TNC-SHARED,TAXI,0.0,Work sub-tour
SCHOOLBUS,TAXI,0.0,Work sub-tour
ESCOOTER,TAXI,0.0,Work sub-tour
EBIKE,TAXI,0.0,Work sub-tour
All,TNC-REG,0.0,Work sub-tour
DRIVEALONE,TNC-REG,0.0,Work sub-tour
SHARED2,TNC-REG,0.0,Work sub-tour
SHARED3,TNC-REG,0.0,Work sub-tour
WALK,TNC-REG,0.0,Work sub-tour
BIKE,TNC-REG,0.0,Work sub-tour
WALK-TRANSIT,TNC-REG,0.0,Work sub-tour
PNR-TRANSIT,TNC-REG,0.0,Work sub-tour
KNR-TRANSIT,TNC-REG,0.0,Work sub-tour
TNC-TRANSIT,TNC-REG,0.0,Work sub-tour
TAXI,TNC-REG,0.0,Work sub-tour
TNC-REG,TNC-REG,0.0,Work sub-tour
TNC-SHARED,TNC-REG,0.0,Work sub-tour
SCHOOLBUS,TNC-REG,0.0,Work sub-tour
ESCOOTER,TNC-REG,0.0,Work sub-tour
EBIKE,TNC-REG,0.0,Work sub-tour
All,TNC-SHARED,0.0,Work sub-tour
DRIVEALONE,TNC-SHARED,0.0,Work sub-tour
SHARED2,TNC-SHARED,0.0,Work sub-tour
SHARED3,TNC-SHARED,0.0,Work sub-tour
WALK,TNC-SHARED,0.0,Work sub-tour
BIKE,TNC-SHARED,0.0,Work sub-tour
WALK-TRANSIT,TNC-SHARED,0.0,Work sub-tour
PNR-TRANSIT,TNC-SHARED,0.0,Work sub-tour
KNR-TRANSIT,TNC-SHARED,0.0,Work sub-tour
TNC-TRANSIT,TNC-SHARED,0.0,Work sub-tour
TAXI,TNC-SHARED,0.0,Work sub-tour
TNC-REG,TNC-SHARED,0.0,Work sub-tour
TNC-SHARED,TNC-SHARED,0.0,Work sub-tour
SCHOOLBUS,TNC-SHARED,0.0,Work sub-tour
ESCOOTER,TNC-SHARED,0.0,Work sub-tour
EBIKE,TNC-SHARED,0.0,Work sub-tour
All,SCHOOLBUS,0.0,Work sub-tour
DRIVEALONE,SCHOOLBUS,0.0,Work sub-tour
SHARED2,SCHOOLBUS,0.0,Work sub-tour
SHARED3,SCHOOLBUS,0.0,Work sub-tour
WALK,SCHOOLBUS,0.0,Work sub-tour
BIKE,SCHOOLBUS,0.0,Work sub-tour
WALK-TRANSIT,SCHOOLBUS,0.0,Work sub-tour
PNR-TRANSIT,SCHOOLBUS,0.0,Work sub-tour
KNR-TRANSIT,SCHOOLBUS,0.0,Work sub-tour
TNC-TRANSIT,SCHOOLBUS,0.0,Work sub-tour
TAXI,SCHOOLBUS,0.0,Work sub-tour
TNC-REG,SCHOOLBUS,0.0,Work sub-tour
TNC-SHARED,SCHOOLBUS,0.0,Work sub-tour
SCHOOLBUS,SCHOOLBUS,0.0,Work sub-tour
ESCOOTER,SCHOOLBUS,0.0,Work sub-tour
EBIKE,SCHOOLBUS,0.0,Work sub-tour
All,ESCOOTER,0.0,Work sub-tour
DRIVEALONE,ESCOOTER,0.0,Work sub-tour
SHARED2,ESCOOTER,0.0,Work sub-tour
SHARED3,ESCOOTER,0.0,Work sub-tour
WALK,ESCOOTER,0.0,Work sub-tour
BIKE,ESCOOTER,0.0,Work sub-tour
WALK-TRANSIT,ESCOOTER,0.0,Work sub-tour
PNR-TRANSIT,ESCOOTER,0.0,Work sub-tour
KNR-TRANSIT,ESCOOTER,0.0,Work sub-tour
TNC-TRANSIT,ESCOOTER,0.0,Work sub-tour
TAXI,ESCOOTER,0.0,Work sub-tour
TNC-REG,ESCOOTER,0.0,Work sub-tour
TNC-SHARED,ESCOOTER,0.0,Work sub-tour
SCHOOLBUS,ESCOOTER,0.0,Work sub-tour
ESCOOTER,ESCOOTER,0.0,Work sub-tour
EBIKE,ESCOOTER,0.0,Work sub-tour
All,EBIKE,442.843575567199,Work sub-tour
DRIVEALONE,EBIKE,0.0,Work sub-tour
SHARED2,EBIKE,0.0,Work sub-tour
SHARED3,EBIKE,0.0,Work sub-tour
WALK,EBIKE,0.0,Work sub-tour
BIKE,EBIKE,0.0,Work sub-tour
WALK-TRANSIT,EBIKE,0.0,Work sub-tour
PNR-TRANSIT,EBIKE,0.0,Work sub-tour
KNR-TRANSIT,EBIKE,0.0,Work sub-tour
TNC-TRANSIT,EBIKE,0.0,Work sub-tour
TAXI,EBIKE,0.0,Work sub-tour
TNC-REG,EBIKE,0.0,Work sub-tour
TNC-SHARED,EBIKE,0.0,Work sub-tour
SCHOOLBUS,EBIKE,0.0,Work sub-tour
ESCOOTER,EBIKE,0.0,Work sub-tour
EBIKE,EBIKE,442.843575567199,Work sub-tour
