Label,Description,Expression,PARK_LOC1,PARK_LOC2,PARK_LOC3,PARK_LOC4,PARK_LOC5,PARK_ESCORT,RENTAL,SHUTTLEVAN,HOTEL_COURTESY,RIDEHAIL_LOC1,RIDEHAIL_LOC2,TAXI_LOC1,TAXI_LOC2,CURB_LOC1,CURB_LOC2,CURB_LOC3,CURB_LOC4,CURB_LOC5,WALK_LOC,WALK_PRM,WALK_MIX,KNR_LOC,KNR_PRM,KNR_MIX,TNC_LOC,TNC_PRM,TNC_MIX,WALK
res_bus,Resident Bus,@df.purpose_id ==0,,,,,,,-999,-999,-999,,,,,,,,,,,,,,,,,,,
res_per,Resident Personal,@df.purpose_id ==1,,,,,,,-999,-999,-999,,,,,,,,,,,,,,,,,,,
non_emp,Non Employee,@df.purpose_id !=5,,,,,,,,,,,,,,,,,,,,,,,,,,,,-999
emp_walk,Employee Walk,@(df.purpose_id ==5) & (df.emp_trip_mode == 'WALK'),,-999,-999,-999,-999,-999,-999,-999,-999,-999,-999,-999,-999,-999,-999,-999,-999,-999,-999,-999,-999,-999,-999,-999,-999,-999,-999,
emp_tran,Employee Transit,@(df.purpose_id ==5) & (df.emp_trip_mode == 'WALK_PRM'),,-999,-999,-999,-999,-999,-999,-999,-999,-999,-999,-999,-999,-999,-999,-999,-999,-999,-999,,-999,-999,-999,-999,-999,-999,-999,-999
vis_bus,Visitor Bus,@df.purpose_id ==2,-999,-999,-999,-999,-999,,,,,,,,,,,,,,,,,,,,,,,
vis_per,Visitor Per,@df.purpose_id ==3,-999,-999,-999,-999,-999,,,,,,,,,,,,,,,,,,,,,,,
taxi_unavailable,Taxi availability,@taxi_available == 0,,,,,,,,,,,,-999,-999,,,,,,,,,,,,,,,
parkloc1_av,Parking location 1 availability,@df['parkloc1_av'],-999,,,,,,,,,,,,,,,,,,,,,,,,,,,
parkloc2_av,Parking location 2 availability,@df['parkloc2_av'],,-999,,,,,,,,,,,,,,,,,,,,,,,,,,
parkloc3_av,Parking location 3 availability,@df['parkloc3_av'],,,-999,,,,,,,,,,,,,,,,,,,,,,,,,
parkloc4_av,Parking location 4 availability,@df['parkloc4_av'],,,,-999,,,,,,,,,,,,,,,,,,,,,,,,
parkloc5_av,Parking location 5 availability,@df['parkloc5_av'],,,,,-999,,,,,,,,,,,,,,,,,,,,,,,
curbloc1_av,Curb location 1 availability,@df['curbloc1_av'],,,,,,,,,,,,,,-999,,,,,,,,,,,,,,
curbloc2_av,Curb location 2 availability,@df['curbloc2_av'],,,,,,,,,,,,,,,-999,,,,,,,,,,,,,
curbloc3_av,Curb location 3 availability,@df['curbloc3_av'],,,,,,,,,,,,,,,,-999,,,,,,,,,,,,
curbloc4_av,Curb location 4 availability,@df['curbloc4_av'],,,,,,,,,,,,,,,,,-999,,,,,,,,,,,
curbloc5_av,Curb location 5 availability,@df['curbloc5_av'],,,,,,,,,,,,,,,,,,-999,,,,,,,,,,
ridehailloc1_av,Ridehail location 1 availability,@df['ridehailloc1_av'],,,,,,,,,,-999,,-999,,,,,,,,,,,,,,,,
ridehailloc2_av,Ridehail location 2 availability,@df['ridehailloc2_av'],,,,,,,,,,,-999,,-999,,,,,,,,,,,,,,,
util_park1_ivt,IVT to parking location 1,@df['partySizeParkLocation1AutoIVT'],coef_ivt,,,,,,,,,,,,,,,,,,,,,,,,,,,
util_park1_cost,Driving cost to parking location 1,@(df['partySizeParkLocation1AutoDist']*costPerMile + df['partySizeParkLocation1AutoToll']),coef_c_cost_ls,,,,,,,,,,,,,,,,,,,,,,,,,,,
util_park1_parkcost,Parking cost at parking location 1,"@((np.maximum(df['nights'],0)*parkLocation1CostDay + parkLocation1CostDay)*100)",coef_c_cost,,,,,,,,,,,,,,,,,,,,,,,,,,,
util_park2_ivt,IVT to parking location 2,@df['partySizeParkLocation2AutoIVT'],,coef_ivt,,,,,,,,,,,,,,,,,,,,,,,,,,
util_park2_cost,Driving cost to parking location 2,@(df['partySizeParkLocation2AutoDist']*costPerMile + df['partySizeParkLocation2AutoToll']),,coef_c_cost_ls,,,,,,,,,,,,,,,,,,,,,,,,,,
util_park2_parkcost,Parking cost at parking location 2,"@((np.maximum(df['nights'],0)*parkLocation2CostDay + parkLocation2CostDay)*100)",,coef_c_cost,,,,,,,,,,,,,,,,,,,,,,,,,,
util_park3_ivt,IVT to parking location 3,@df['partySizeParkLocation3AutoIVT'],,,coef_ivt,,,,,,,,,,,,,,,,,,,,,,,,,
util_park3_cost,Driving cost to parking location 3,@(df['partySizeParkLocation3AutoDist']*costPerMile + df['partySizeParkLocation3AutoToll']),,,coef_c_cost_ls,,,,,,,,,,,,,,,,,,,,,,,,,
util_park3_parkcost,Parking cost at parking location 3,"@((np.maximum(df['nights'],0)*parkLocation3CostDay + parkLocation3CostDay)*100)",,,coef_c_cost,,,,,,,,,,,,,,,,,,,,,,,,,
util_park4_ivt,IVT to parking location 4,@df['partySizeParkLocation4AutoIVT'],,,,coef_ivt,,,,,,,,,,,,,,,,,,,,,,,,
util_park4_cost,Driving cost to parking location 4,@(df['partySizeParkLocation4AutoDist']*costPerMile + df['partySizeParkLocation4AutoToll']),,,,coef_c_cost_ls,,,,,,,,,,,,,,,,,,,,,,,,
util_park4_parkcost,Parking cost at parking location 4,"@((np.maximum(df['nights'],0)*parkLocation4CostDay + parkLocation4CostDay)*100)",,,,coef_c_cost,,,,,,,,,,,,,,,,,,,,,,,,
util_park5_ivt,IVT to parking location 5,@df['partySizeParkLocation5AutoIVT'],,,,,coef_ivt,,,,,,,,,,,,,,,,,,,,,,,
util_park5_cost,Driving cost to parking location 5,@(df['partySizeParkLocation5AutoDist']*costPerMile + df['partySizeParkLocation5AutoToll']),,,,,coef_c_cost_ls,,,,,,,,,,,,,,,,,,,,,,,
util_park5_parkcost,Parking cost at parking location 5,"@((np.maximum(df['nights'],0)*parkLocation5CostDay + parkLocation5CostDay)*100)",,,,,coef_c_cost,,,,,,,,,,,,,,,,,,,,,,,
util_parkEscort_cost,Driving cost to escort parking location,@(df['partySizeParkEscortLocationAutoDist']*costPerMile + df['partySizeParkEscortLocationAutoToll']),,,,,,coef_c_cost_ls,,,,,,,,,,,,,,,,,,,,,,
util_parkEscort_ivt,IVT to escort parking location,@df['partySizeParkEscortLocationAutoIVT'],,,,,,coef_ivt,,,,,,,,,,,,,,,,,,,,,,
util_ShuttleVanLocation_cost,Driving cost to shuttle van location,@(df['partySizeShuttleVanLocationAutoDist']*costPerMile + df['partySizeShuttleVanLocationAutoToll']),,,,,,,,coef_c_cost_ls,,,,,,,,,,,,,,,,,,,,
util_ShuttleVanLocation_ivt,IVT to shuttle van location,@df['partySizeShuttleVanLocationAutoIVT'],,,,,,,,coef_ivt,,,,,,,,,,,,,,,,,,,,
util_HotelCourtesyLocation_cost,Driving cost to hotel courtesy location,@(df['partySizeHotelCourtesyLocationAutoDist']*costPerMile + df['partySizeHotelCourtesyLocationAutoToll']),,,,,,,,,coef_c_cost_ls,,,,,,,,,,,,,,,,,,,
util_HotelCourtesyLocation_dist,IVT to hotel courtesy location,@df['partySizeHotelCourtesyLocationAutoIVT'],,,,,,,,,coef_ivt,,,,,,,,,,,,,,,,,,,
util_courtesy_wait,Wait time,@terminalWaitTime,,,,,,,,coef_wait,coef_wait,,,,,,,,,,,,,,,,,,,
util_courtesy_walk,walk time,@terminalWalkTime,,,,,,,,coef_walk,coef_walk,,,,,,,,,,,,,,,,,,,
util_curb1_ivt,IVT to curb location 1,@df['partySizeCurbLocation1AutoIVT'],,,,,,,,,,,,,,coef_ivt,,,,,,,,,,,,,,
util_curb1_cost,Driving cost to curb location 1,@(df['partySizeCurbLocation1AutoDist']*costPerMile + df['partySizeCurbLocation1AutoToll']),,,,,,,,,,,,,,coef_c_cost_ls,,,,,,,,,,,,,,
util_curb2_ivt,IVT to curb location 2,@df['partySizeCurbLocation2AutoIVT'],,,,,,,,,,,,,,,coef_ivt,,,,,,,,,,,,,
util_curb2_cost,Driving cost to curb location 2,@(df['partySizeCurbLocation2AutoDist']*costPerMile + df['partySizeCurbLocation2AutoToll']),,,,,,,,,,,,,,,coef_c_cost_ls,,,,,,,,,,,,,
util_curb3_ivt,IVT to curb location 3,@df['partySizeCurbLocation3AutoIVT'],,,,,,,,,,,,,,,,coef_ivt,,,,,,,,,,,,
util_curb3_cost,Driving cost to curb location 3,@(df['partySizeCurbLocation3AutoDist']*costPerMile + df['partySizeCurbLocation3AutoToll']),,,,,,,,,,,,,,,,coef_c_cost_ls,,,,,,,,,,,,
util_curb4_ivt,IVT to curb location 4,@df['partySizeCurbLocation4AutoIVT'],,,,,,,,,,,,,,,,,coef_ivt,,,,,,,,,,,
util_curb4_cost,Driving cost to curb location 4,@(df['partySizeCurbLocation4AutoDist']*costPerMile + df['partySizeCurbLocation4AutoToll']),,,,,,,,,,,,,,,,,coef_c_cost_ls,,,,,,,,,,,
util_curb5_ivt,IVT to curb location 5,@df['partySizeCurbLocation5AutoIVT'],,,,,,,,,,,,,,,,,,coef_ivt,,,,,,,,,,
util_curb5_cost,Driving cost to curb location 5,@(df['partySizeCurbLocation5AutoDist']*costPerMile + df['partySizeCurbLocation5AutoToll']),,,,,,,,,,,,,,,,,,coef_c_cost_ls,,,,,,,,,,
util_rental_ivt,IVT to curb location 6,@df['partySizeRentalLocationAutoIVT'],,,,,,,coef_ivt,,,,,,,,,,,,,,,,,,,,,
util_rental_cost,Driving cost to curb location 6,@(df['partySizeRentalLocationAutoDist']*costPerMile + df['partySizeRentalLocationAutoToll']),,,,,,,coef_c_cost_ls,,,,,,,,,,,,,,,,,,,,,
util_rental_cost2,IVT to curb location 7,"@((np.maximum(df['nights'],0)*rentalCostPerDay + rentalCarAccessCost + rentalCostPerDay)*100)",,,,,,,coef_c_cost,,,,,,,,,,,,,,,,,,,,,
util_rental_time,rental car time,@rentalCarInVehicleTime,,,,,,,coef_ivt,,,,,,,,,,,,,,,,,,,,,
util_rental_walk,rental car walk time,@rentalCarWalkTime,,,,,,,coef_walk,,,,,,,,,,,,,,,,,,,,,
util_rental_wait,rental car wait time,@rentalCarWaitTime,,,,,,,coef_wait,,,,,,,,,,,,,,,,,,,,,
util_ridehail1_ivt,IVT to ridehail location 1,@df['partySizeRideHailLocation1AutoIVT'],,,,,,,,,,coef_ivt,,,,,,,,,,,,,,,,,,
util_ridehail1_cost,Driving cost to ridehail location 1,"@(np.maximum((df['partySizeRideHailLocation1AutoIVT']*ridehailCostPerMinute + df['partySizeRideHailLocation1AutoDist']*ridehailCostPerMile + ridehailCostInitial),ridehailCostMinimum) * 100 + df['partySizeRideHailLocation1AutoToll'])",,,,,,,,,,coef_c_cost,,,,,,,,,,,,,,,,,,
util_ridehail2_ivt,IVT to ridehail location 2,@df['partySizeRideHailLocation2AutoIVT'],,,,,,,,,,,coef_ivt,,,,,,,,,,,,,,,,,
util_ridehail2_cost,Driving cost to ridehail location 2,"@(np.maximum((df['partySizeRideHailLocation2AutoIVT']*ridehailCostPerMinute + df['partySizeRideHailLocation2AutoDist']*ridehailCostPerMile + ridehailCostInitial),ridehailCostMinimum) * 100 + df['partySizeRideHailLocation2AutoToll'])",,,,,,,,,,,coef_c_cost,,,,,,,,,,,,,,,,,
utile_ridehail_wait,ridehail wait,@ridehailWaitTime,,,,,,,,,,coef_wait,coef_wait,,,,,,,,,,,,,,,,,
util_ridehail1_access_walk,Ridehail location 1 walk access time,@ridehailLocation1AccessWalkTime,,,,,,,,,,coef_walk,,,,,,,,,,,,,,,,,,
util_ridehail2_access_walk,Ridehail location 2 walk access time,@ridehailLocation2AccessWalkTime,,,,,,,,,,,coef_walk,,,,,,,,,,,,,,,,,
util_taxi1_ivt,IVT to taxi location 1,@df['partySizeRideHailLocation1AutoIVT'],,,,,,,,,,,,coef_ivt,,,,,,,,,,,,,,,,
util_taxi1_cost,Cost to Taxi location 1,"@(np.maximum((df['partySizeRideHailLocation1AutoIVT']*taxiCostPerMinute + df['partySizeRideHailLocation1AutoDist']*taxiCostPerMile + taxiCostInitial),taxiCostMinimum) * 100 + df['partySizeRideHailLocation1AutoToll'])",,,,,,,,,,,,coef_c_cost,,,,,,,,,,,,,,,,
util_taxi2_ivt,IVT to taxi location 2,@df['partySizeRideHailLocation2AutoIVT'],,,,,,,,,,,,,coef_ivt,,,,,,,,,,,,,,,
util_taxi2_cost,Cost to Taxi location 2,"@(np.maximum((df['partySizeRideHailLocation2AutoIVT']*taxiCostPerMinute + df['partySizeRideHailLocation2AutoDist']*taxiCostPerMile + taxiCostInitial),taxiCostMinimum) * 100 + df['partySizeRideHailLocation2AutoToll'])",,,,,,,,,,,,,coef_c_cost,,,,,,,,,,,,,,,
utile_taxi_wait,Taxi wait time,@taxiWaitTime,,,,,,,,,,,,coef_wait,coef_wait,,,,,,,,,,,,,,,
util_taxi1_access_walk,Taxi location 1 access time,@taxiLocation1AccessWalkTime,,,,,,,,,,,,coef_walk,,,,,,,,,,,,,,,,
util_taxi2_access_walk,Taxi location 2 access time,@taxiLocation2AccessWalkTime,,,,,,,,,,,,,coef_walk,,,,,,,,,,,,,,,
parkloc1_acc_cost,IVT for access park loc 1 to terminal,@parkLocation1AccessCost*100,coef_c_cost,,,,,,,,,,,,,,,,,,,,,,,,,,,
parkloc2_acc_cost,IVT for access park loc 2 to terminal,@parkLocation2AccessCost*100,,coef_c_cost,,,,,,,,,,,,,,,,,,,,,,,,,,
parkloc3_acc_cost,IVT for access park loc 3 to terminal,@parkLocation3AccessCost*100,,,coef_c_cost,,,,,,,,,,,,,,,,,,,,,,,,,
parkloc4_acc_cost,IVT for access park loc 4 to terminal,@parkLocation4AccessCost*100,,,,coef_c_cost,,,,,,,,,,,,,,,,,,,,,,,,
parkloc5_acc_cost,IVT for access park loc 5 to terminal,@parkLocation5AccessCost*100,,,,,coef_c_cost,,,,,,,,,,,,,,,,,,,,,,,
parkloc1_acc_ivt,IVT for access park loc 1 to terminal,@parkLocation1InVehicleTime,coef_ivt,,,,,,,,,,,,,,,,,,,,,,,,,,,
parkloc2_acc_ivt,IVT for access park loc 2 to terminal,@parkLocation2InVehicleTime,,coef_ivt,,,,,,,,,,,,,,,,,,,,,,,,,,
parkloc3_acc_ivt,IVT for access park loc 3 to terminal,@parkLocation3InVehicleTime,,,coef_ivt,,,,,,,,,,,,,,,,,,,,,,,,,
parkloc4_acc_ivt,IVT for access park loc 4 to terminal,@parkLocation4InVehicleTime,,,,coef_ivt,,,,,,,,,,,,,,,,,,,,,,,,
parkloc5_acc_ivt,IVT for access park loc 5 to terminal,@parkLocation5InVehicleTime,,,,,coef_ivt,,,,,,,,,,,,,,,,,,,,,,,
parkloc1_acc_walk,IVT for access park loc 1 to terminal,@parkLocation1WalkTime,coef_walk,,,,,,,,,,,,,,,,,,,,,,,,,,,
parkloc2_acc_walk,IVT for access park loc 2 to terminal,@parkLocation2WalkTime,,coef_walk,,,,,,,,,,,,,,,,,,,,,,,,,,
parkloc3_acc_walk,IVT for access park loc 3 to terminal,@parkLocation3WalkTime,,,coef_walk,,,,,,,,,,,,,,,,,,,,,,,,,
parkloc4_acc_walk,IVT for access park loc 4 to terminal,@parkLocation4WalkTime,,,,coef_walk,,,,,,,,,,,,,,,,,,,,,,,,
parkloc5_acc_walk,IVT for access park loc 5 to terminal,@parkLocation5WalkTime,,,,,coef_walk,,,,,,,,,,,,,,,,,,,,,,,
parkloc1_acc_wait,IVT for access park loc 1 to terminal,@parkLocation1WaitTime,coef_wait,,,,,,,,,,,,,,,,,,,,,,,,,,,
parkloc2_acc_wait,IVT for access park loc 2 to terminal,@parkLocation2WaitTime,,coef_wait,,,,,,,,,,,,,,,,,,,,,,,,,,
parkloc3_acc_wait,IVT for access park loc 3 to terminal,@parkLocation3WaitTime,,,coef_wait,,,,,,,,,,,,,,,,,,,,,,,,,
parkloc4_acc_wait,IVT for access park loc 4 to terminal,@parkLocation4WaitTime,,,,coef_wait,,,,,,,,,,,,,,,,,,,,,,,,
parkloc5_acc_wait,IVT for access park loc 5 to terminal,@parkLocation5WaitTime,,,,,coef_wait,,,,,,,,,,,,,,,,,,,,,,,
curbloc1_acc_ivt,IVT for access curb loc 1 to terminal,@curbLocation1InVehicleTime,,,,,,,,,,,,,,coef_ivt,,,,,,,,,,,,,,
curbloc2_acc_ivt,IVT for access curb loc 2 to terminal,@curbLocation2InVehicleTime,,,,,,,,,,,,,,,coef_ivt,,,,,,,,,,,,,
curbloc3_acc_ivt,IVT for access curb loc 3 to terminal,@curbLocation3InVehicleTime,,,,,,,,,,,,,,,,coef_ivt,,,,,,,,,,,,
curbloc4_acc_ivt,IVT for access curb loc 4 to terminal,@curbLocation4InVehicleTime,,,,,,,,,,,,,,,,,coef_ivt,,,,,,,,,,,
curbloc5_acc_ivt,IVT for access curb loc 5 to terminal,@curbLocation5InVehicleTime,,,,,,,,,,,,,,,,,,coef_ivt,,,,,,,,,,
curbloc1_acc_walk,IVT for access curb loc 1 to terminal,@curbLocation1WalkTime,,,,,,,,,,,,,,coef_walk,,,,,,,,,,,,,,
curbloc2_acc_walk,IVT for access curb loc 2 to terminal,@curbLocation2WalkTime,,,,,,,,,,,,,,,coef_walk,,,,,,,,,,,,,
curbloc3_acc_walk,IVT for access curb loc 3 to terminal,@curbLocation3WalkTime,,,,,,,,,,,,,,,,coef_walk,,,,,,,,,,,,
curbloc4_acc_walk,IVT for access curb loc 4 to terminal,@curbLocation4WalkTime,,,,,,,,,,,,,,,,,coef_walk,,,,,,,,,,,
curbloc5_acc_walk,IVT for access curb loc 5 to terminal,@curbLocation5WalkTime,,,,,,,,,,,,,,,,,,coef_walk,,,,,,,,,,
curbloc1_acc_wait,IVT for access curb loc 1 to terminal,@curbLocation1WaitTime,,,,,,,,,,,,,,coef_wait,,,,,,,,,,,,,,
curbloc2_acc_wait,IVT for access curb loc 2 to terminal,@curbLocation2WaitTime,,,,,,,,,,,,,,,coef_wait,,,,,,,,,,,,,
curbloc3_acc_wait,IVT for access curb loc 3 to terminal,@curbLocation3WaitTime,,,,,,,,,,,,,,,,coef_wait,,,,,,,,,,,,
curbloc4_acc_wait,IVT for access curb loc 4 to terminal,@curbLocation4WaitTime,,,,,,,,,,,,,,,,,coef_wait,,,,,,,,,,,
curbloc5_acc_wait,IVT for access curb loc 5 to terminal,@curbLocation5WaitTime,,,,,,,,,,,,,,,,,,coef_wait,,,,,,,,,,
hotel_shuttle_walktime,Walk time for shuttle,@hotelCourtesyWalkTime,,,,,,,,coef_walk,coef_walk,,,,,,,,,,,,,,,,,,,
parkescort_walk,Park escort walk time,@parkEscortWalkTime,,,,,,coef_walk,,,,,,,,,,,,,,,,,,,,,,
parkescort_wait,Park escort wait time,@parkEscortWaitTime,,,,,,coef_wait,,,,,,,,,,,,,,,,,,,,,,
parkescort_cost,Park escort ,@(parkEscortAccessCost +  parkEscortCostHour)*100,,,,,,coef_c_cost,,,,,,,,,,,,,,,,,,,,,,
parkescort_ivt,IVT to park escort location time,@parkEscortInVehicleTime,,,,,,coef_ivt,,,,,,,,,,,,,,,,,,,,,,
constant_pupr0,Purpose_id 0 ASC,@df['purpose_id'] ==0,coef_asc_res_bus_park,coef_asc_res_bus_park,coef_asc_res_bus_park,coef_asc_res_bus_park,coef_asc_res_bus_park,coef_asc_res_bus_escort,coef_asc_res_bus_rental,coef_asc_res_bus_shuttle,coef_asc_res_bus_shuttle,coef_asc_res_bus_ridehail,coef_asc_res_bus_ridehail,coef_asc_res_bus_ridehail,coef_asc_res_bus_ridehail,coef_asc_res_bus_curbside,coef_asc_res_bus_curbside,coef_asc_res_bus_curbside,coef_asc_res_bus_curbside,coef_asc_res_bus_curbside,coef_asc_res_bus_transit,coef_asc_res_bus_transit,coef_asc_res_bus_transit,coef_asc_res_bus_transit,coef_asc_res_bus_transit,coef_asc_res_bus_transit,coef_asc_res_bus_transit,coef_asc_res_bus_transit,coef_asc_res_bus_transit,
constant_pupr1,Purpose_id 1 ASC,@df['purpose_id'] ==1,coef_asc_res_per_park,coef_asc_res_per_park,coef_asc_res_per_park,coef_asc_res_per_park,coef_asc_res_per_park,coef_asc_res_per_escort,coef_asc_res_per_rental,coef_asc_res_per_shuttle,coef_asc_res_per_shuttle,coef_asc_res_per_ridehail,coef_asc_res_per_ridehail,coef_asc_res_per_ridehail,coef_asc_res_per_ridehail,coef_asc_res_per_curbside,coef_asc_res_per_curbside,coef_asc_res_per_curbside,coef_asc_res_per_curbside,coef_asc_res_per_curbside,coef_asc_res_per_transit,coef_asc_res_per_transit,coef_asc_res_per_transit,coef_asc_res_per_transit,coef_asc_res_per_transit,coef_asc_res_per_transit,coef_asc_res_per_transit,coef_asc_res_per_transit,coef_asc_res_per_transit,
constant_pupr2,Purpose_id 2 ASC,@df['purpose_id'] ==2,coef_asc_vis_bus_park,coef_asc_vis_bus_park,coef_asc_vis_bus_park,coef_asc_vis_bus_park,coef_asc_vis_bus_park,coef_asc_vis_bus_escort,coef_asc_vis_bus_rental,coef_asc_vis_bus_shuttle,coef_asc_vis_bus_shuttle,coef_asc_vis_bus_ridehail,coef_asc_vis_bus_ridehail,coef_asc_vis_bus_ridehail,coef_asc_vis_bus_ridehail,coef_asc_vis_bus_curbside,coef_asc_vis_bus_curbside,coef_asc_vis_bus_curbside,coef_asc_vis_bus_curbside,coef_asc_vis_bus_curbside,coef_asc_vis_bus_transit,coef_asc_vis_bus_transit,coef_asc_vis_bus_transit,coef_asc_vis_bus_transit,coef_asc_vis_bus_transit,coef_asc_vis_bus_transit,coef_asc_vis_bus_transit,coef_asc_vis_bus_transit,coef_asc_vis_bus_transit,
constant_pupr3,Purpose_id 3 ASC,@df['purpose_id'] ==3,coef_asc_vis_per_park,coef_asc_vis_per_park,coef_asc_vis_per_park,coef_asc_vis_per_park,coef_asc_vis_per_park,coef_asc_vis_per_escort,coef_asc_vis_per_rental,coef_asc_vis_per_shuttle,coef_asc_vis_per_shuttle,coef_asc_vis_per_ridehail,coef_asc_vis_per_ridehail,coef_asc_vis_per_ridehail,coef_asc_vis_per_ridehail,coef_asc_vis_per_curbside,coef_asc_vis_per_curbside,coef_asc_vis_per_curbside,coef_asc_vis_per_curbside,coef_asc_vis_per_curbside,coef_asc_vis_per_transit,coef_asc_vis_per_transit,coef_asc_vis_per_transit,coef_asc_vis_per_transit,coef_asc_vis_per_transit,coef_asc_vis_per_transit,coef_asc_vis_per_transit,coef_asc_vis_per_transit,coef_asc_vis_per_transit,
constant_pupr4,Purpose_id 4 ASC,@df['purpose_id'] ==4,coef_asc_ext_park,coef_asc_ext_park,coef_asc_ext_park,coef_asc_ext_park,coef_asc_ext_park,coef_asc_ext_escort,coef_asc_ext_rental,coef_asc_ext_shuttle,coef_asc_ext_shuttle,coef_asc_ext_ridehail,coef_asc_ext_ridehail,coef_asc_ext_ridehail,coef_asc_ext_ridehail,coef_asc_ext_curbside,coef_asc_ext_curbside,coef_asc_ext_curbside,coef_asc_ext_curbside,coef_asc_ext_curbside,coef_asc_ext_transit,coef_asc_ext_transit,coef_asc_ext_transit,coef_asc_ext_transit,coef_asc_ext_transit,coef_asc_ext_transit,coef_asc_ext_transit,coef_asc_ext_transit,coef_asc_ext_transit,
#,WALK_LOC,,,,,,,,,,,,,,,,,,,,,,,,,,,,,
util_WalkTransit_Unavailable,WalkTransit_Available,walk_local_available == False,,,,,,,,,,,,,,,,,,,-999,,,,,,,,,
util_WALK_LOC_In_vehicle_time,WALK_LOC - In-vehicle time,@(odt_skims['WALK_LOC_TOTALIVTT']) ,,,,,,,,,,,,,,,,,,,coef_ivt,,,,,,,,,
util_WALK_LOC_iwait_time,WALK_LOC - wait time,@(odt_skims['WALK_LOC_FIRSTWAIT']*c_fwt) ,,,,,,,,,,,,,,,,,,,coef_ivt,,,,,,,,,
util_WALK_LOC_transfer_wait_time,WALK_LOC - transfer wait time,@(odt_skims['WALK_LOC_XFERWAIT']*c_xwt),,,,,,,,,,,,,,,,,,,coef_ivt,,,,,,,,,
util_WALK_LOC_transfer_waLK_time,WALK_LOC - transfer walk time,@(odt_skims['WALK_LOC_XFERWALK']*c_waux),,,,,,,,,,,,,,,,,,,coef_ivt,,,,,,,,,
util_WALK_LOC_Fare,WALK_LOC - Fare,@(odt_skims['WALK_LOC_FARE']) * df.party_size *100,,,,,,,,,,,,,,,,,,,coef_c_cost,,,,,,,,,
util_WALK_LOC_transfers_penalty,WALK_LOC - number of transfers,"@(-23+23*np.exp(0.414*np.clip(odt_skims['WALK_LOC_XFERS'], a_min=None,a_max=4)))*1.5 ",,,,,,,,,,,,,,,,,,,coef_ivt,,,,,,,,,
util_WALK_LOC_Walk_access_time,WALK_LOC - Walk access time,@(df.origin_local_time)*c_walk,,,,,,,,,,,,,,,,,,,coef_ivt,,,,,,,,,
util_WALK_LOC_Walk_egress_time,WALK_LOC - Walk egress time,@(df.dest_local_time)*c_walk,,,,,,,,,,,,,,,,,,,coef_ivt,,,,,,,,,
#,WALK_PRM,,,,,,,,,,,,,,,,,,,,,,,,,,,,,
util_WalkTransit_Unavailable,WalkTransit_Available,walk_premium_available ==False,,,,,,,,,,,,,,,,,,,,-999,,,,,,,,
util_WALK_PRM_In_vehicle_time,WALK_PRM - In-vehicle time,@(odt_skims['WALK_PRM_TOTALIVTT']) ,,,,,,,,,,,,,,,,,,,,coef_ivt,,,,,,,,
util_WALK_PRM_In_vehicle_time_on_LRT,WALK_PRM - In-vehicle time on LRT,@(ivt_lrt_multiplier - 1) * (odt_skims['WALK_PRM_LRTIVTT']) ,,,,,,,,,,,,,,,,,,,,coef_ivt,,,,,,,,
util_WALK_PRM_In_vehicle_time_on_CMR,WALK_PRM - In-vehicle time on CMR,@(ivt_cmr_multiplier - 1) * (odt_skims['WALK_PRM_CMRIVTT']) ,,,,,,,,,,,,,,,,,,,,coef_ivt,,,,,,,,
util_WALK_PRM_In_vehicle_time_on_LTD_EXP,WALK_PRM - In-vehicle time on LTD and EXP,@(ivt_ltd_multiplier - 1) * (odt_skims['WALK_PRM_LTDEXPIVTT'] ),,,,,,,,,,,,,,,,,,,,coef_ivt,,,,,,,,
util_WALK_PRM_In_vehicle_time_on_URB,WALK_PRM - In-vehicle time on BRT,@(ivt_brt_multiplier - 1) * (odt_skims['WALK_PRM_BRTIVTT']) ,,,,,,,,,,,,,,,,,,,,coef_ivt,,,,,,,,
util_WALK_PRM_wait_time,WALK_PRM - wait time,@(odt_skims['WALK_PRM_FIRSTWAIT']*c_fwt) ,,,,,,,,,,,,,,,,,,,,coef_ivt,,,,,,,,
util_WALK_PRM_transfer_wait_time,WALK_PRM - transfer wait time,@(odt_skims['WALK_PRM_XFERWAIT']*c_xwt),,,,,,,,,,,,,,,,,,,,coef_ivt,,,,,,,,
util_WALK_PRM_transfer_waLK_time,WALK_PRM - transfer walk time,@(odt_skims['WALK_PRM_XFERWALK'])*c_waux,,,,,,,,,,,,,,,,,,,,coef_ivt,,,,,,,,
util_WALK_PRM_transfers_penalty,WALK_PRM - number of transfers,"@(-23+23*np.exp(0.414*np.clip(odt_skims['WALK_PRM_XFERS'], a_min=None,a_max=4)))*1.5 ",,,,,,,,,,,,,,,,,,,,coef_ivt,,,,,,,,
util_WALK_PRM_Fare,WALK_PRM - Fare,@(odt_skims['WALK_PRM_FARE']) * df.party_size*100,,,,,,,,,,,,,,,,,,,,coef_c_cost,,,,,,,,
util_WALK_PRM_Walk_access_time,WALK_PRM - Walk access time,@(df.origin_prm_time)*c_walk,,,,,,,,,,,,,,,,,,,,coef_ivt,,,,,,,,
util_WALK_PRM_Walk_egress_time,WALK_PRM - Walk egress time,@(df.dest_prm_time)*c_walk,,,,,,,,,,,,,,,,,,,,coef_ivt,,,,,,,,
#,WALK_MIX,,,,,,,,,,,,,,,,,,,,,,,,,,,,,
util_WALK_MIX_Unavailable,WALK_MIX - Unavailable,walk_mix_available ==False,,,,,,,,,,,,,,,,,,,,,-999,,,,,,,
util_WALK_MIX_In_vehicle_time,WALK_MIX - In-vehicle time,@(odt_skims['WALK_MIX_TOTALIVTT']),,,,,,,,,,,,,,,,,,,,,coef_ivt,,,,,,,
util_WALK_MIX_In_vehicle_time_on_LRT,WALK_MIX - In-vehicle time on LRT,@(ivt_lrt_multiplier - 1) * (odt_skims['WALK_MIX_LRTIVTT']),,,,,,,,,,,,,,,,,,,,,coef_ivt,,,,,,,
util_WALK_MIX_In_vehicle_time_on_CMR,WALK_MIX - In-vehicle time on CMR,@(ivt_cmr_multiplier - 1) * (odt_skims['WALK_MIX_CMRIVTT']),,,,,,,,,,,,,,,,,,,,,coef_ivt,,,,,,,
util_WALK_MIX_In_vehicle_time_on_LTD_EXP,WALK_MIX - In-vehicle time on LTD and EXP,@(ivt_ltd_multiplier - 1) * (odt_skims['WALK_MIX_LTDEXPIVTT']),,,,,,,,,,,,,,,,,,,,,coef_ivt,,,,,,,
util_WALK_MIX_In_vehicle_time_on_URB,WALK_MIX - In-vehicle time on BRT,@(ivt_brt_multiplier - 1) * (odt_skims['WALK_MIX_BRTIVTT']),,,,,,,,,,,,,,,,,,,,,coef_ivt,,,,,,,
util_WALK_MIX_FIRST_wait_time,WALK_MIX - First wait time,@(odt_skims['WALK_MIX_FIRSTWAIT']*c_fwt),,,,,,,,,,,,,,,,,,,,,coef_ivt,,,,,,,
util_WALK_MIX_transfer_wait_time,WALK_MIX - transfer wait time,@(odt_skims['WALK_MIX_XFERWAIT']*c_xwt),,,,,,,,,,,,,,,,,,,,,coef_ivt,,,,,,,
util_WALK_MIX_transfer_waLK_time,WALK_MIX - transfer walk time,@(odt_skims['WALK_MIX_XFERWALK'])*c_waux,,,,,,,,,,,,,,,,,,,,,coef_ivt,,,,,,,
util_WALK_MIX_number_of_transfers,WALK_MIX - number of transfers,"@(-23+23*np.exp(0.414*np.clip(odt_skims['WALK_MIX_XFERS'], a_min=None,a_max=4)))*1.5 ",,,,,,,,,,,,,,,,,,,,,coef_ivt,,,,,,,
util_WALK_MIX_Fare,WALK_MIX - Fare,@(odt_skims['WALK_MIX_FARE']) * df.party_size*100,,,,,,,,,,,,,,,,,,,,,coef_c_cost,,,,,,,
util_WALK_MIX_Walk_access_time,WALK_MIX - Walk access time,@(df.origin_mix_time)*c_walk,,,,,,,,,,,,,,,,,,,,,coef_ivt,,,,,,,
util_WALK_MIX_Walk_egress_time,WALK_MIX - Walk egress time,@(df.dest_mix_time)*c_walk,,,,,,,,,,,,,,,,,,,,,coef_ivt,,,,,,,
##,,,,,,,,,,,,,,,,,,,,,,,,,,,,,,
util_KNR_LOC_Unavailable,KNR_LOC - Unavailable,knr_local_available == False,,,,,,,,,,,,,,,,,,,,,,-999,,,,,,
util_KNR_LOC_In_vehicle_time,KNR_LOC - In-vehicle time,@(odt_skims['KNROUT_LOC_TOTALIVTT'])*~df.outbound,,,,,,,,,,,,,,,,,,,,,,coef_ivt,,,,,,
util_KNR_LOC_iwait_time,KNR_LOC - First iwait time,@(odt_skims['KNROUT_LOC_FIRSTWAIT'])*c_fwt*~df.outbound,,,,,,,,,,,,,,,,,,,,,,coef_ivt,,,,,,
util_KNR_LOC_transfer_wait_time,KNR_LOC - transfer wait time,@(odt_skims['KNROUT_LOC_XFERWAIT'])*c_xwt*~df.outbound,,,,,,,,,,,,,,,,,,,,,,coef_ivt,,,,,,
util_KNR_LOC_number_of_transfers,KNR_LOC - number of transfers,"@(-23+23*np.exp(0.414*np.clip(odt_skims['KNROUT_LOC_XFERS'], a_min=None,a_max=4)))*2*~df.outbound",,,,,,,,,,,,,,,,,,,,,,coef_ivt,,,,,,
util_KNR_LOC_Fare,KNR_LOC - Fare,@(odt_skims['KNROUT_LOC_FARE']) * df.party_size*100*~df.outbound,,,,,,,,,,,,,,,,,,,,,,coef_c_cost,,,,,,
util_KNR_LOC_KNR_time,KNR_LOC - KNR time,@(odt_skims['KNROUT_LOC_ACC'])*~df.outbound*c_drive,,,,,,,,,,,,,,,,,,,,,,coef_ivt,,,,,,
util_KNR_LOC_KNR_cost,KNR_LOC - KNR cost,@((odt_skims['KNROUT_LOC_ACC']/60 * driveSpeed * costPerMile)*~df.outbound),,,,,,,,,,,,,,,,,,,,,,coef_c_cost_ls,,,,,,
util_KNR_LOC_Walk_egress_time_(at_attraction_end),KNR_LOC - Walk egress time (at attraction end),@(df.dest_local_time)*~df.outbound*c_walk ,,,,,,,,,,,,,,,,,,,,,,coef_ivt,,,,,,
util_KNR_LOC_Walk_other_time,KNR_LOC - Walk other time,@(odt_skims['KNROUT_LOC_XFERWALK'])*~df.outbound*c_waux,,,,,,,,,,,,,,,,,,,,,,coef_ivt,,,,,,
util_KNR_LOC_inbound_Unavailable,KNR_LOC inbound - Unavailable,knr_local_available_inbound == False,,,,,,,,,,,,,,,,,,,,,,-999,,,,,,
util_KNRIN_LOC_In_vehicle_time,KNRIN_LOC - In-vehicle time,@(odt_skims['KNRIN_LOC_TOTALIVTT'])*df.outbound,,,,,,,,,,,,,,,,,,,,,,coef_ivt,,,,,,
util_KNRIN_LOC_iwait_time,KNRIN_LOC - First iwait time,@(odt_skims['KNRIN_LOC_FIRSTWAIT'])*df.outbound*c_fwt,,,,,,,,,,,,,,,,,,,,,,coef_ivt,,,,,,
util_KNRIN_LOC_transfer_wait_time,KNRIN_LOC - transfer wait time,@(odt_skims['KNRIN_LOC_XFERWAIT'])*df.outbound*c_xwt,,,,,,,,,,,,,,,,,,,,,,coef_ivt,,,,,,
util_KNRIN_LOC_number_of_transfers,KNRIN_LOC - number of transfers,"@(-23+23*np.exp(0.414*np.clip(odt_skims['KNRIN_LOC_XFERS'], a_min=None,a_max=4)))*2*df.outbound",,,,,,,,,,,,,,,,,,,,,,coef_ivt,,,,,,
util_KNRIN_LOC_Fare,KNRIN_LOC - Fare,@(odt_skims['KNRIN_LOC_FARE']) * df.party_size*100*df.outbound,,,,,,,,,,,,,,,,,,,,,,coef_c_cost,,,,,,
util_KNRIN_LOC_KNRIN_time,KNRIN_LOC - KNR time,@odt_skims['KNRIN_LOC_EGR']*df.outbound *c_drive,,,,,,,,,,,,,,,,,,,,,,coef_ivt,,,,,,
util_KNRIN_LOC_KNRIN_cost,KNRIN_LOC - KNR cost,@((odt_skims['KNRIN_LOC_EGR']/60 * driveSpeed * costPerMile)*df.outbound),,,,,,,,,,,,,,,,,,,,,,coef_c_cost_ls,,,,,,
util_KNRIN_LOC_Walk_access_time,KNRIN_LOC - Walk access time,@df.origin_local_time*df.outbound*c_walk,,,,,,,,,,,,,,,,,,,,,,coef_ivt,,,,,,
util_KNRIN_LOC_Walk_other_time,KNRIN_LOC - Walk other time,@(odt_skims['KNRIN_LOC_XFERWALK'])*df.outbound*c_waux,,,,,,,,,,,,,,,,,,,,,,coef_ivt,,,,,,
##,KNR_PRM,,,,,,,,,,,,,,,,,,,,,,,,,,,,,
util_KNR_PRM_Unavailable,KNR_PRM - Unavailable,knr_premium_available == False,,,,,,,,,,,,,,,,,,,,,,,-999,,,,,
util_KNR_PRM_In_vehicle_time,KNR_PRM - In-vehicle time,@(odt_skims['KNROUT_PRM_TOTALIVTT'])*~df.outbound,,,,,,,,,,,,,,,,,,,,,,,coef_ivt,,,,,
util_KNR_PRM_In_vehicle_time_on_LRT,KNR_PRM - In-vehicle time on LRT,@(ivt_lrt_multiplier - 1) * (odt_skims['KNROUT_PRM_LRTIVTT'])*~df.outbound,,,,,,,,,,,,,,,,,,,,,,,coef_ivt,,,,,
util_KNR_PRM_In_vehicle_time_on_CMR,KNR_PRM - In-vehicle time on CMR,@(ivt_cmr_multiplier - 1) * (odt_skims['KNROUT_PRM_CMRIVTT'])*~df.outbound,,,,,,,,,,,,,,,,,,,,,,,coef_ivt,,,,,
util_KNR_PRM_In_vehicle_time_on_LTD_EXP,KNR_PRM - In-vehicle time on LTD and EXP,@(ivt_ltd_multiplier - 1) * (odt_skims['KNROUT_PRM_LTDEXPIVTT'] + odt_skims['KNROUT_PRM_EXPIVTT'])*~df.outbound,,,,,,,,,,,,,,,,,,,,,,,coef_ivt,,,,,
util_KNR_PRM_In_vehicle_time_on_URB,KNR_PRM - In-vehicle time on BRT,@(ivt_brt_multiplier - 1) * (odt_skims['KNROUT_PRM_BRTIVTT'])*~df.outbound,,,,,,,,,,,,,,,,,,,,,,,coef_ivt,,,,,
util_KNR_PRM_FIRST_iwait_time,KNR_PRM - First iwait time,@(odt_skims['KNROUT_PRM_FIRSTWAIT'])*~df.outbound*c_fwt,,,,,,,,,,,,,,,,,,,,,,,coef_ivt,,,,,
util_KNR_PRM_transfer_wait_time,KNR_PRM - transfer wait time,@(odt_skims['KNROUT_PRM_XFERWAIT'])*~df.outbound*c_xwt,,,,,,,,,,,,,,,,,,,,,,,coef_ivt,,,,,
util_KNR_PRM_number_of_transfers,KNR_PRM - number of transfers,"@(-23+23*np.exp(0.414*np.clip(odt_skims['KNROUT_PRM_XFERS'], a_min=None,a_max=4)))*~df.outbound*2",,,,,,,,,,,,,,,,,,,,,,,coef_ivt,,,,,
util_KNR_PRM_Fare,KNR_PRM - Fare,@(odt_skims['KNROUT_PRM_FARE']) * df.party_size*100*~df.outbound,,,,,,,,,,,,,,,,,,,,,,,coef_c_cost,,,,,
util_KNR_PRM_KNR_time,KNR_PRM - KNR time,@(odt_skims['KNROUT_PRM_ACC'])*~df.outbound*c_drive,,,,,,,,,,,,,,,,,,,,,,,coef_ivt,,,,,
util_KNR_PRM_KNR_cost,KNR_PRM - KNR cost,@((odt_skims['KNROUT_PRM_ACC']/60 * driveSpeed * costPerMile)*~df.outbound),,,,,,,,,,,,,,,,,,,,,,,coef_c_cost_ls,,,,,
util_KNR_PRM_Walk_egress_time_(at_attraction_end),KNR_PRM - Walk egress time (at attraction end),@(df.dest_prm_time)*~df.outbound*c_walk ,,,,,,,,,,,,,,,,,,,,,,,coef_ivt,,,,,
util_KNR_PRM_Walk_other_time,KNR_PRM - Walk other time,@(odt_skims['KNROUT_PRM_XFERWALK'])*~df.outbound*c_waux ,,,,,,,,,,,,,,,,,,,,,,,coef_ivt,,,,,
util_KNR_PRM_inbound_Unavailable,KNR_PRM inbound - Unavailable,knr_premium_available_inbound == False,,,,,,,,,,,,,,,,,,,,,,,-999,,,,,
util_KNRIN_PRM_In_vehicle_time,KNRIN_PRM - In-vehicle time,@(odt_skims['KNRIN_PRM_TOTALIVTT'])*df.outbound,,,,,,,,,,,,,,,,,,,,,,,coef_ivt,,,,,
util_KNRIN_PRM_In_vehicle_time_on_LRT,KNRIN_PRM - In-vehicle time on LRT,@(ivt_lrt_multiplier - 1) * (odt_skims['KNRIN_PRM_LRTIVTT'])*df.outbound,,,,,,,,,,,,,,,,,,,,,,,coef_ivt,,,,,
util_KNRIN_PRM_In_vehicle_time_on_CMR,KNRIN_PRM - In-vehicle time on CMR,@(ivt_cmr_multiplier - 1) * (odt_skims['KNRIN_PRM_CMRIVTT'])*df.outbound,,,,,,,,,,,,,,,,,,,,,,,coef_ivt,,,,,
util_KNRIN_PRM_In_vehicle_time_on_LTD_EXP,KNRIN_PRM - In-vehicle time on LTD and EXP,@(ivt_ltd_multiplier - 1) * (odt_skims['KNRIN_PRM_LTDEXPIVTT'] + odt_skims['KNRIN_PRM_EXPIVTT'])*df.outbound,,,,,,,,,,,,,,,,,,,,,,,coef_ivt,,,,,
util_KNRIN_PRM_In_vehicle_time_on_URB,KNRIN_PRM - In-vehicle time on BRT,@(ivt_brt_multiplier - 1) * (odt_skims['KNRIN_PRM_BRTIVTT'])*df.outbound,,,,,,,,,,,,,,,,,,,,,,,coef_ivt,,,,,
util_KNRIN_PRM_FIRST_iwait_time,KNRIN_PRM - First iwait time,@(odt_skims['KNRIN_PRM_FIRSTWAIT'])*df.outbound*c_fwt,,,,,,,,,,,,,,,,,,,,,,,coef_ivt,,,,,
util_KNRIN_PRM_transfer_wait_time,KNRIN_PRM - transfer wait time,@(odt_skims['KNRIN_PRM_XFERWAIT'])*df.outbound*c_xwt,,,,,,,,,,,,,,,,,,,,,,,coef_ivt,,,,,
util_KNRIN_PRM_number_of_transfers,KNRIN_PRM - number of transfers,"@(-23+23*np.exp(0.414*np.clip(odt_skims['KNRIN_PRM_XFERS'], a_min=None,a_max=4)))*df.outbound*2",,,,,,,,,,,,,,,,,,,,,,,coef_ivt,,,,,
util_KNRIN_PRM_Fare,KNRIN_PRM - Fare,@(odt_skims['KNRIN_PRM_FARE']) * df.party_size*100*df.outbound,,,,,,,,,,,,,,,,,,,,,,,coef_c_cost,,,,,
util_KNRIN_PRM_KNRIN_time,KNRIN_PRM - KNR time,@(odt_skims['KNRIN_PRM_EGR'])*df.outbound*c_drive,,,,,,,,,,,,,,,,,,,,,,,coef_ivt,,,,,
util_KNRIN_PRM_KNR_cost,KNRIN_PRM - KNR cost,@((odt_skims['KNRIN_PRM_EGR']/60 * driveSpeed * costPerMile)*df.outbound),,,,,,,,,,,,,,,,,,,,,,,coef_c_cost_ls,,,,,
util_KNRIN_PRM_Walk_access_time_(at_attraction_end),KNRIN_PRM - Walk access time (at attraction end),@(df.origin_prm_time)*df.outbound*c_walk ,,,,,,,,,,,,,,,,,,,,,,,coef_ivt,,,,,
util_KNRIN_PRM_Walk_other_time,KNRIN_PRM - Walk other time,@(odt_skims['KNRIN_PRM_XFERWALK'])*df.outbound*c_waux ,,,,,,,,,,,,,,,,,,,,,,,coef_ivt,,,,,
##,KNR_MIX,,,,,,,,,,,,,,,,,,,,,,,,,,,,,
util_KNR_MIX_Unavailable,KNR_mix - Unavailable,knr_mix_available == False,,,,,,,,,,,,,,,,,,,,,,,,-999,,,,
util_KNR_MIX_In_vehicle_time,KNR_MIX - In-vehicle time,@(odt_skims['KNROUT_MIX_TOTALIVTT'])*~df.outbound,,,,,,,,,,,,,,,,,,,,,,,,coef_ivt,,,,
util_KNR_MIX_In_vehicle_time_on_LRT,KNR_MIX - In-vehicle time on LRT,@(ivt_lrt_multiplier - 1) * (odt_skims['KNROUT_MIX_LRTIVTT'])*~df.outbound,,,,,,,,,,,,,,,,,,,,,,,,coef_ivt,,,,
util_KNR_MIX_In_vehicle_time_on_CMR,KNR_MIX - In-vehicle time on CMR,@(ivt_cmr_multiplier - 1) * (odt_skims['KNROUT_MIX_CMRIVTT'])*~df.outbound,,,,,,,,,,,,,,,,,,,,,,,,coef_ivt,,,,
util_KNR_MIX_In_vehicle_time_on_LTD_EXP,KNR_MIX - In-vehicle time on LTD and EXP,@(ivt_ltd_multiplier - 1) * (odt_skims['KNROUT_MIX_LTDEXPIVTT'] + odt_skims['KNROUT_MIX_EXPIVTT'])*~df.outbound,,,,,,,,,,,,,,,,,,,,,,,,coef_ivt,,,,
util_KNR_MIX_In_vehicle_time_on_URB,KNR_MIX - In-vehicle time on BRT,@(ivt_brt_multiplier - 1) * (odt_skims['KNROUT_MIX_BRTIVTT'])*~df.outbound,,,,,,,,,,,,,,,,,,,,,,,,coef_ivt,,,,
util_KNR_MIX_FIRST_iwait_time,KNR_MIX - First iwait time,@(odt_skims['KNROUT_MIX_FIRSTWAIT'])*~df.outbound*c_fwt,,,,,,,,,,,,,,,,,,,,,,,,coef_ivt,,,,
util_KNR_MIX_transfer_wait_time,KNR_MIX - transfer wait time,@(odt_skims['KNROUT_MIX_XFERWAIT'])*~df.outbound*c_xwt,,,,,,,,,,,,,,,,,,,,,,,,coef_ivt,,,,
util_KNR_MIX_number_of_transfers,KNR_MIX - number of transfers,"@(-23+23*np.exp(0.414*np.clip(odt_skims['KNROUT_PRM_XFERS'], a_min=None,a_max=4)))*~df.outbound *2",,,,,,,,,,,,,,,,,,,,,,,,coef_ivt,,,,
util_KNR_MIX_Fare,KNR_MIX - Fare,@(odt_skims['KNROUT_MIX_FARE']) * df.party_size*100*~df.outbound,,,,,,,,,,,,,,,,,,,,,,,,coef_c_cost,,,,
util_KNR_MIX_KNR_time,KNR_MIX - KNR time,@(odt_skims['KNROUT_MIX_ACC'])*~df.outbound*c_drive,,,,,,,,,,,,,,,,,,,,,,,,coef_ivt,,,,
util_KNR_MIX_KNR_cost,KNR_MIX - KNR cost,@((odt_skims['KNROUT_MIX_ACC']/60 * driveSpeed * costPerMile)*~df.outbound),,,,,,,,,,,,,,,,,,,,,,,,coef_c_cost_ls,,,,
util_KNR_MIX_Walk_egress_time_(at_attraction_end),KNR_MIX - Walk egress time (at attraction end),@(df.dest_mix_time)*~df.outbound*c_walk ,,,,,,,,,,,,,,,,,,,,,,,,coef_ivt,,,,
util_KNR_MIX_Walk_other_time,KNR_MIX - Walk other time,@(odt_skims['KNROUT_MIX_XFERWALK'])*~df.outbound*c_waux ,,,,,,,,,,,,,,,,,,,,,,,,coef_ivt,,,,
util_KNR_MIX_inbound_Unavailable,KNR_MIX inbound - Unavailable,knr_mix_available_inbound == False,,,,,,,,,,,,,,,,,,,,,,,,-999,,,,
util_KNRIN_MIX_In_vehicle_time,KNRIN_MIX - In-vehicle time,@(odt_skims['KNRIN_MIX_TOTALIVTT'])*df.outbound,,,,,,,,,,,,,,,,,,,,,,,,coef_ivt,,,,
util_KNRIN_MIX_In_vehicle_time_on_LRT,KNRIN_MIX - In-vehicle time on LRT,@(ivt_lrt_multiplier - 1) * (odt_skims['KNRIN_MIX_LRTIVTT'])*df.outbound,,,,,,,,,,,,,,,,,,,,,,,,coef_ivt,,,,
util_KNRIN_MIX_In_vehicle_time_on_CMR,KNRIN_MIX - In-vehicle time on CMR,@(ivt_cmr_multiplier - 1) * (odt_skims['KNRIN_MIX_CMRIVTT'])*df.outbound,,,,,,,,,,,,,,,,,,,,,,,,coef_ivt,,,,
util_KNRIN_MIX_In_vehicle_time_on_LTD_EXP,KNRIN_MIX - In-vehicle time on LTD and EXP,@(ivt_ltd_multiplier - 1) * (odt_skims['KNRIN_MIX_LTDEXPIVTT'] + odt_skims['KNRIN_MIX_EXPIVTT'])   *df.outbound,,,,,,,,,,,,,,,,,,,,,,,,coef_ivt,,,,
util_KNRIN_MIX_In_vehicle_time_on_URB,KNRIN_MIX - In-vehicle time on BRT,@(ivt_brt_multiplier - 1) * (odt_skims['KNRIN_MIX_BRTIVTT'])*df.outbound,,,,,,,,,,,,,,,,,,,,,,,,coef_ivt,,,,
util_KNRIN_MIX_FIRST_iwait_time,KNRIN_MIX - First iwait time,@(odt_skims['KNRIN_MIX_FIRSTWAIT'])*df.outbound*c_fwt,,,,,,,,,,,,,,,,,,,,,,,,coef_ivt,,,,
util_KNRIN_MIX_transfer_wait_time,KNRIN_MIX - transfer wait time,@(odt_skims['KNRIN_MIX_XFERWAIT'])*df.outbound*c_xwt,,,,,,,,,,,,,,,,,,,,,,,,coef_ivt,,,,
util_KNRIN_MIX_number_of_transfers,KNRIN_MIX - number of transfers,"@(-23+23*np.exp(0.414*np.clip(odt_skims['KNRIN_MIX_XFERS'], a_min=None,a_max=4)))*df.outbound*2",,,,,,,,,,,,,,,,,,,,,,,,coef_ivt,,,,
util_KNRIN_MIX_Fare,KNRIN_MIX - Fare,@(odt_skims['KNRIN_MIX_FARE']) * df.party_size*100*df.outbound,,,,,,,,,,,,,,,,,,,,,,,,coef_c_cost,,,,
util_KNRIN_MIX_KNRIN_time,KNRIN_MIX - KNR time,@(odt_skims['KNRIN_MIX_EGR'])*df.outbound*c_drive,,,,,,,,,,,,,,,,,,,,,,,,coef_ivt,,,,
util_KNRIN_MIX_KNR_cost,KNRIN_MIX - KNR cost,@((odt_skims['KNRIN_MIX_EGR']/60 * driveSpeed * costPerMile)*df.outbound),,,,,,,,,,,,,,,,,,,,,,,,coef_c_cost_ls,,,,
util_KNRIN_MIX_Walk_access_time_(at_attraction_end),KNRIN_MIX - Walk access time (at attraction end),@(df.origin_mix_time)*df.outbound*c_walk ,,,,,,,,,,,,,,,,,,,,,,,,coef_ivt,,,,
util_KNRIN_MIX_Walk_other_time,KNRIN_MIX - Walk other time,@(odt_skims['KNRIN_MIX_XFERWALK'])*df.outbound*c_waux ,,,,,,,,,,,,,,,,,,,,,,,,coef_ivt,,,,
#TNC_LOC,,,,,,,,,,,,,,,,,,,,,,,,,,,,,,
util_TNC_LOC_Unavailable,TNC_LOC - Unavailable,tnc_local_available == False,,,,,,,,,,,,,,,,,,,,,,,,,-999,,,
util_TNC_LOC_In_vehicle_time,TNC_LOC - In-vehicle time,@(odt_skims['KNROUT_LOC_TOTALIVTT']) *~df.outbound,,,,,,,,,,,,,,,,,,,,,,,,,coef_ivt,,,
util_TNC_LOC_iwait_time,TNC_LOC - First iwait time,@(odt_skims['KNROUT_LOC_FIRSTWAIT']) *~df.outbound*c_fwt,,,,,,,,,,,,,,,,,,,,,,,,,coef_ivt,,,
util_TNC_LOC_transfer_wait_time,TNC_LOC - transfer wait time,@odt_skims['KNROUT_LOC_XFERWAIT'] *~df.outbound*c_xwt,,,,,,,,,,,,,,,,,,,,,,,,,coef_ivt,,,
util_TNC_LOC_number_of_transfers,TNC_LOC - number of transfers,"@(-23+23*np.exp(0.414*np.clip(odt_skims['KNROUT_LOC_XFERS'], a_min=None,a_max=4)))*~df.outbound*2",,,,,,,,,,,,,,,,,,,,,,,,,coef_ivt,,,
util_TNC_LOC_Fare,TNC_MIX - Fare,@(odt_skims['KNROUT_LOC_FARE']) * df.party_size*100*~df.outbound,,,,,,,,,,,,,,,,,,,,,,,,,coef_c_cost,,,
util_TNC_LOC_TNC_time,TNC_LOC - TNC time,@odt_skims['KNROUT_LOC_ACC']*~df.outbound*c_drive,,,,,,,,,,,,,,,,,,,,,,,,,coef_ivt,,,
util_TNC_LOC_TNC_wait_time,TNC_LOC - TNC wait time,@ridehailWaitTime,,,,,,,,,,,,,,,,,,,,,,,,,coef_wait,,,
util_TNC_LOC_TNC_fare,TNC_LOC - TNC fare,"@~df.outbound * (np.maximum((odt_skims['KNROUT_LOC_ACC']*ridehailCostPerMinute + (odt_skims['KNROUT_LOC_ACC']/60 * driveSpeed)*ridehailCostPerMile + ridehailCostInitial),ridehailCostMinimum)) * 100",,,,,,,,,,,,,,,,,,,,,,,,,coef_c_cost,,,
util_TNC_LOC_Walk_egress_time_(at_attraction_end),TNC_LOC - Walk egress time (at attraction end),@df.dest_local_time *~df.outbound*c_walk,,,,,,,,,,,,,,,,,,,,,,,,,coef_ivt,,,
util_TNC_LOC_Walk_other_time,TNC_LOC - Walk other time,@odt_skims['KNROUT_LOC_XFERWALK'] *~df.outbound*c_waux,,,,,,,,,,,,,,,,,,,,,,,,,coef_ivt,,,
util_TNCIN_LOC_Unavailable,TNCIN_LOC - Unavailable,tnc_local_available_inbound == False,,,,,,,,,,,,,,,,,,,,,,,,,-999,,,
util_TNCIN_LOC_In_vehicle_time,TNC_LOC - In-vehicle time,@(odt_skims['KNRIN_LOC_TOTALIVTT']) *df.outbound,,,,,,,,,,,,,,,,,,,,,,,,,coef_ivt,,,
util_TNCIN_LOC_iwait_time,TNC_LOC - First iwait time,@(odt_skims['KNRIN_LOC_FIRSTWAIT']) *df.outbound*1.5,,,,,,,,,,,,,,,,,,,,,,,,,coef_ivt,,,
util_TNCIN_LOC_transfer_wait_time,TNC_LOC - transfer wait time,@odt_skims['KNRIN_LOC_XFERWAIT'] *df.outbound*2,,,,,,,,,,,,,,,,,,,,,,,,,coef_ivt,,,
util_TNCIN_LOC_number_of_transfers,TNC_LOC - number of transfers,"@(-23+23*np.exp(0.414*np.clip(odt_skims['KNRIN_LOC_XFERS'], a_min=None,a_max=4)))  *df.outbound* 2",,,,,,,,,,,,,,,,,,,,,,,,,coef_ivt,,,
util_TNCIN_LOC_Fare,TNC_MIX - Fare,@(odt_skims['KNRIN_LOC_FARE']) * df.party_size*100*df.outbound,,,,,,,,,,,,,,,,,,,,,,,,,coef_c_cost,,,
util_TNCIN_LOC_TNC_time,TNC_LOC - TNC time,@odt_skims['KNRIN_LOC_EGR'] *df.outbound*c_drive,,,,,,,,,,,,,,,,,,,,,,,,,coef_ivt,,,
util_TNCIN_LOC_TNC_fare,TNCIN_LOC - TNC fare,"@df.outbound * (np.maximum((odt_skims['KNRIN_LOC_EGR']*ridehailCostPerMinute + (odt_skims['KNRIN_LOC_EGR']/60 * driveSpeed)*ridehailCostPerMile + ridehailCostInitial),ridehailCostMinimum)) * 100",,,,,,,,,,,,,,,,,,,,,,,,,coef_c_cost,,,
util_TNCIN_LOC_Walk_egress_time_(at_attraction_end),TNC_LOC - Walk egress time (at attraction end),@df.origin_local_time *df.outbound*c_walk,,,,,,,,,,,,,,,,,,,,,,,,,coef_ivt,,,
util_TNCIN_LOC_Walk_other_time,TNC_LOC - Walk other time,@odt_skims['KNRIN_LOC_XFERWALK'] *df.outbound*c_waux,,,,,,,,,,,,,,,,,,,,,,,,,coef_ivt,,,
##,TNC_PRM,,,,,,,,,,,,,,,,,,,,,,,,,,,,,
util_TNC_PRM_Unavailable,TNC_PRM - Unavailable,tnc_premium_available == False,,,,,,,,,,,,,,,,,,,,,,,,,,-999,,
util_TNC_PRM_In_vehicle_time,TNC_PRM - In-vehicle time,@(odt_skims['KNROUT_PRM_TOTALIVTT'])*~df.outbound,,,,,,,,,,,,,,,,,,,,,,,,,,coef_ivt,,
util_TNC_PRM_In_vehicle_time_on_LRT,TNC_PRM - In-vehicle time on LRT,@(ivt_lrt_multiplier - 1) * (odt_skims['KNROUT_PRM_LRTIVTT'])*~df.outbound,,,,,,,,,,,,,,,,,,,,,,,,,,coef_ivt,,
util_TNC_PRM_In_vehicle_time_on_CMR,TNC_PRM - In-vehicle time on CMR,@(ivt_cmr_multiplier - 1) * (odt_skims['KNROUT_PRM_CMRIVTT'])*~df.outbound,,,,,,,,,,,,,,,,,,,,,,,,,,coef_ivt,,
util_TNC_PRM_In_vehicle_time_on_LTD_EXP,TNC_PRM - In-vehicle time on LTD and EXP,@(ivt_ltd_multiplier - 1) * (odt_skims['KNROUT_PRM_LTDEXPIVTT'] + odt_skims['KNROUT_PRM_EXPIVTT'])*~df.outbound,,,,,,,,,,,,,,,,,,,,,,,,,,coef_ivt,,
util_TNC_PRM_In_vehicle_time_on_URB,TNC_PRM - In-vehicle time on BRT,@(ivt_brt_multiplier - 1) * (odt_skims['KNROUT_PRM_BRTIVTT'])  *~df.outbound,,,,,,,,,,,,,,,,,,,,,,,,,,coef_ivt,,
util_TNC_PRM_FIRST_iwait_time,TNC_PRM - First iwait time,@(odt_skims['KNROUT_PRM_FIRSTWAIT'])*~df.outbound*c_fwt,,,,,,,,,,,,,,,,,,,,,,,,,,coef_ivt,,
util_TNC_PRM_transfer_wait_time,TNC_PRM - transfer wait time,@(odt_skims['KNROUT_PRM_XFERWAIT'])*~df.outbound*c_xwt,,,,,,,,,,,,,,,,,,,,,,,,,,coef_ivt,,
util_TNC_PRM_number_of_transfers,TNC_PRM - number of transfers,"@(-23+23*np.exp(0.414*np.clip(odt_skims['KNROUT_PRM_XFERS'], a_min=None,a_max=4)))*~df.outbound *2",,,,,,,,,,,,,,,,,,,,,,,,,,coef_ivt,,
util_TNC_PRM_Fare,TNC_PRM - Fare,@(odt_skims['KNROUT_PRM_FARE']) * df.party_size*100*~df.outbound,,,,,,,,,,,,,,,,,,,,,,,,,,coef_c_cost,,
util_TNC_PRM_TNC_time,TNC_PRM - TNC time,@(odt_skims['KNROUT_PRM_ACC'])*~df.outbound *c_drive,,,,,,,,,,,,,,,,,,,,,,,,,,coef_ivt,,
util_TNC_PRM_TNC_wait_time,TNC_PRM - TNC wait time,@ridehailWaitTime,,,,,,,,,,,,,,,,,,,,,,,,,,coef_wait,,
util_TNC_PRM_TNC_fare,TNC_PRM - TNC fare,"@~df.outbound * (np.maximum((odt_skims['KNROUT_PRM_ACC']*ridehailCostPerMinute + (odt_skims['KNROUT_PRM_ACC']/60 * driveSpeed)*ridehailCostPerMile + ridehailCostInitial),ridehailCostMinimum)) * 100",,,,,,,,,,,,,,,,,,,,,,,,,,coef_c_cost,,
util_TNC_PRM_Walk_egress_time_(at_attraction_end),TNC_PRM - Walk egress time (at attraction end),@(df.dest_prm_time)*~df.outbound *c_walk,,,,,,,,,,,,,,,,,,,,,,,,,,coef_ivt,,
util_TNC_PRM_Walk_other_time,TNC_PRM - Walk other time,@(odt_skims['KNROUT_PRM_XFERWALK'])*~df.outbound*c_waux,,,,,,,,,,,,,,,,,,,,,,,,,,coef_ivt,,
util_TNC_MIX_inbound_Unavailable,TNC_MIX inbound - Unavailable,tnc_premium_available_inbound == False,,,,,,,,,,,,,,,,,,,,,,,,,,-999,,
util_TNCIN_PRM_In_vehicle_time,TNCIN_PRM - In-vehicle time,@(odt_skims['KNRIN_PRM_TOTALIVTT'])*df.outbound,,,,,,,,,,,,,,,,,,,,,,,,,,coef_ivt,,
util_TNCIN_PRM_In_vehicle_time_on_LRT,TNCIN_PRM - In-vehicle time on LRT,@(ivt_lrt_multiplier - 1) * (odt_skims['KNRIN_PRM_LRTIVTT'])  *df.outbound,,,,,,,,,,,,,,,,,,,,,,,,,,coef_ivt,,
util_TNCIN_PRM_In_vehicle_time_on_CMR,TNCIN_PRM - In-vehicle time on CMR,@(ivt_cmr_multiplier - 1) * (odt_skims['KNRIN_PRM_CMRIVTT'])  *df.outbound,,,,,,,,,,,,,,,,,,,,,,,,,,coef_ivt,,
util_TNCIN_PRM_In_vehicle_time_on_LTD_EXP,TNCIN_PRM - In-vehicle time on LTD and EXP,@(ivt_ltd_multiplier - 1) * (odt_skims['KNRIN_PRM_LTDEXPIVTT'] + odt_skims['KNRIN_PRM_EXPIVTT'])*df.outbound,,,,,,,,,,,,,,,,,,,,,,,,,,coef_ivt,,
util_TNCIN_PRM_In_vehicle_time_on_URB,TNCIN_PRM - In-vehicle time on BRT,@(ivt_brt_multiplier - 1) * (odt_skims['KNRIN_PRM_BRTIVTT'])  *df.outbound,,,,,,,,,,,,,,,,,,,,,,,,,,coef_ivt,,
util_TNCIN_PRM_FIRST_iwait_time,TNCIN_PRM - First iwait time,@(odt_skims['KNRIN_PRM_FIRSTWAIT'])*df.outbound*c_fwt,,,,,,,,,,,,,,,,,,,,,,,,,,coef_ivt,,
util_TNCIN_PRM_transfer_wait_time,TNCIN_PRM - transfer wait time,@(odt_skims['KNRIN_PRM_XFERWAIT'])*df.outbound*c_xwt,,,,,,,,,,,,,,,,,,,,,,,,,,coef_ivt,,
util_TNCIN_PRM_number_of_transfers,TNCIN_PRM - number of transfers,"@(-23+23*np.exp(0.414*np.clip(odt_skims['KNRIN_PRM_XFERS'], a_min=None,a_max=4)))*df.outbound*2",,,,,,,,,,,,,,,,,,,,,,,,,,coef_ivt,,
util_TNCIN_PRM_Fare,TNCIN_PRM - Fare,@(odt_skims['KNRIN_PRM_FARE']) * df.party_size*100*df.outbound,,,,,,,,,,,,,,,,,,,,,,,,,,coef_c_cost,,
util_TNCIN_PRM_TNCIN_time,TNCIN_PRM - TNC time,@odt_skims['KNRIN_PRM_EGR']*df.outbound*c_drive,,,,,,,,,,,,,,,,,,,,,,,,,,coef_ivt,,
util_TNCIN_PRM_TNCIN_fare,TNCIN_PRM - TNC fare,"@df.outbound * (np.maximum((odt_skims['KNRIN_PRM_EGR']*ridehailCostPerMinute + (odt_skims['KNRIN_PRM_EGR']/60 * driveSpeed)*ridehailCostPerMile + ridehailCostInitial),ridehailCostMinimum)) * 100",,,,,,,,,,,,,,,,,,,,,,,,,,coef_c_cost,,
util_TNCIN_PRM_Walk_access_time_(at_attraction_end),TNCIN_PRM - Walk access time (at attraction end),@(df.origin_prm_time)*df.outbound*c_walk ,,,,,,,,,,,,,,,,,,,,,,,,,,coef_ivt,,
util_TNCIN_PRM_Walk_other_time,TNCIN_PRM - Walk other time,@(odt_skims['KNROUT_PRM_XFERWALK'])*df.outbound*c_waux ,,,,,,,,,,,,,,,,,,,,,,,,,,coef_ivt,,
##,TNC_MIX,,,,,,,,,,,,,,,,,,,,,,,,,,,,,
util_TNC_MIX_Unavailable,TNC_mix - Unavailable,tnc_mix_available == False,,,,,,,,,,,,,,,,,,,,,,,,,,,-999,
util_TNC_MIX_In_vehicle_time,TNC_MIX - In-vehicle time,@(odt_skims['KNROUT_MIX_TOTALIVTT']) *~df.outbound,,,,,,,,,,,,,,,,,,,,,,,,,,,coef_ivt,
util_TNC_MIX_In_vehicle_time_on_LRT,TNC_MIX - In-vehicle time on LRT,@(ivt_lrt_multiplier - 1) * (odt_skims['KNROUT_MIX_LRTIVTT'])*~df.outbound,,,,,,,,,,,,,,,,,,,,,,,,,,,coef_ivt,
util_TNC_MIX_In_vehicle_time_on_CMR,TNC_MIX - In-vehicle time on CMR,@(ivt_cmr_multiplier - 1) * (odt_skims['KNROUT_MIX_CMRIVTT'])*~df.outbound,,,,,,,,,,,,,,,,,,,,,,,,,,,coef_ivt,
util_TNC_MIX_In_vehicle_time_on_LTD_EXP,TNC_MIX - In-vehicle time on LTD and EXP,@(ivt_ltd_multiplier - 1) * (odt_skims['KNROUT_MIX_LTDEXPIVTT']+ odt_skims['KNROUT_MIX_EXPIVTT'])  *~df.outbound,,,,,,,,,,,,,,,,,,,,,,,,,,,coef_ivt,
util_TNC_MIX_In_vehicle_time_on_URB,TNC_MIX - In-vehicle time on BRT,@(ivt_brt_multiplier - 1) * (odt_skims['KNROUT_MIX_BRTIVTT'])*~df.outbound,,,,,,,,,,,,,,,,,,,,,,,,,,,coef_ivt,
util_TNC_MIX_FIRST_iwait_time,TNC_MIX - First iwait time,@(odt_skims['KNROUT_MIX_FIRSTWAIT'])*~df.outbound*c_fwt,,,,,,,,,,,,,,,,,,,,,,,,,,,coef_ivt,
util_TNC_MIX_transfer_wait_time,TNC_MIX - transfer wait time,@ (odt_skims['KNROUT_MIX_XFERWAIT'])*~df.outbound*c_xwt,,,,,,,,,,,,,,,,,,,,,,,,,,,coef_ivt,
util_TNC_MIX_number_of_transfers,TNC_MIX - number of transfers,"@(-23+23*np.exp(0.414*np.clip(odt_skims['KNROUT_MIX_XFERS'], a_min=None,a_max=4)))*~df.outbound*2",,,,,,,,,,,,,,,,,,,,,,,,,,,coef_ivt,
util_TNC_MIX_TNC_time,TNC_MIX - TNC time,@(odt_skims['KNROUT_MIX_ACC'])*~df.outbound*c_drive,,,,,,,,,,,,,,,,,,,,,,,,,,,coef_ivt,
util_TNC_MIX_Fare,TNC_MIX - Fare,@(odt_skims['KNROUT_MIX_FARE']) * df.party_size*100*~df.outbound,,,,,,,,,,,,,,,,,,,,,,,,,,,coef_c_cost,
util_TNC_MIX_TNC_wait_time,TNC_MIX - TNC wait time,@ridehailWaitTime,,,,,,,,,,,,,,,,,,,,,,,,,,,coef_wait,
util_TNC_MIX_TNC_fare,TNC_MIX - TNC fare,"@~df.outbound * (np.maximum((odt_skims['KNROUT_MIX_ACC']*ridehailCostPerMinute + (odt_skims['KNROUT_MIX_ACC']/60 * driveSpeed)*ridehailCostPerMile + ridehailCostInitial),ridehailCostMinimum)) * 100",,,,,,,,,,,,,,,,,,,,,,,,,,,coef_c_cost,
util_TNC_MIX_Walk_egress_time_(at_attraction_end),TNC_MIX - Walk egress time (at attraction end),@(df.dest_mix_time)*~df.outbound*c_walk ,,,,,,,,,,,,,,,,,,,,,,,,,,,coef_ivt,
util_TNC_MIX_Walk_other_time,TNC_MIX - Walk other time,@(odt_skims['KNROUT_MIX_XFERWALK'])*~df.outbound*c_waux ,,,,,,,,,,,,,,,,,,,,,,,,,,,coef_ivt,
util_TNC_MIX_inbound_Unavailable,TNC_MIX inbound - Unavailable,tnc_mix_available_inbound == False,,,,,,,,,,,,,,,,,,,,,,,,,,,-999,
util_TNCIN_MIX_In_vehicle_time,TNCIN_MIX - In-vehicle time,@(odt_skims['KNRIN_MIX_TOTALIVTT'])*df.outbound,,,,,,,,,,,,,,,,,,,,,,,,,,,coef_ivt,
util_TNCIN_MIX_In_vehicle_time_on_LRT,TNCIN_MIX - In-vehicle time on LRT,@(ivt_lrt_multiplier - 1) * (odt_skims['KNRIN_MIX_LRTIVTT'])*df.outbound,,,,,,,,,,,,,,,,,,,,,,,,,,,coef_ivt,
util_TNCIN_MIX_In_vehicle_time_on_CMR,TNCIN_MIX - In-vehicle time on CMR,@(ivt_cmr_multiplier - 1) * (odt_skims['KNRIN_MIX_CMRIVTT']) * df.outbound ,,,,,,,,,,,,,,,,,,,,,,,,,,,coef_ivt,
util_TNCIN_MIX_In_vehicle_time_on_LTD_EXP,TNCIN_MIX - In-vehicle time on LTD and EXP,@(ivt_ltd_multiplier - 1) * (odt_skims['KNRIN_MIX_LTDEXPIVTT'] + odt_skims['KNRIN_MIX_EXPIVTT'])  *df.outbound,,,,,,,,,,,,,,,,,,,,,,,,,,,coef_ivt,
util_TNCIN_MIX_In_vehicle_time_on_URB,TNCIN_MIX - In-vehicle time on BRT,@(ivt_brt_multiplier - 1) * (odt_skims['KNRIN_MIX_BRTIVTT'])  *df.outbound,,,,,,,,,,,,,,,,,,,,,,,,,,,coef_ivt,
util_TNCIN_MIX_FIRST_iwait_time,TNCIN_MIX - First iwait time,@(odt_skims['KNRIN_MIX_FIRSTWAIT'])*df.outbound*c_fwt,,,,,,,,,,,,,,,,,,,,,,,,,,,coef_ivt,
util_TNCIN_MIX_transfer_wait_time,TNCIN_MIX - transfer wait time,@(odt_skims['KNRIN_MIX_XFERWAIT'])*df.outbound*c_xwt,,,,,,,,,,,,,,,,,,,,,,,,,,,coef_ivt,
util_TNCIN_MIX_number_of_transfers,TNCIN_MIX - number of transfers,"@(-23+23*np.exp(0.414*np.clip(odt_skims['KNRIN_MIX_XFERS'], a_min=None,a_max=4)))*df.outbound*2",,,,,,,,,,,,,,,,,,,,,,,,,,,coef_ivt,
util_TNCIN_MIX_Fare,TNC_MIX - Fare,@(odt_skims['KNRIN_MIX_FARE']) * df.party_size*100*df.outbound,,,,,,,,,,,,,,,,,,,,,,,,,,,coef_c_cost,
util_TNCIN_MIX_TNCIN_time,TNCIN_MIX - TNC time,@(odt_skims['KNRIN_MIX_EGR'])*df.outbound*c_drive,,,,,,,,,,,,,,,,,,,,,,,,,,,coef_ivt,
util_TNCIN_MIX_TNC_fare,TNCIN_MIX - TNC fare,"@df.outbound * (np.maximum((odt_skims['KNRIN_MIX_EGR']*ridehailCostPerMinute + (odt_skims['KNRIN_MIX_EGR']/60 * driveSpeed)*ridehailCostPerMile + ridehailCostInitial),ridehailCostMinimum)) * 100",,,,,,,,,,,,,,,,,,,,,,,,,,,coef_c_cost,
util_TNCIN_MIX_Walk_access_time_(at_attraction_end),TNCIN_MIX - Walk access time (at attraction end),@(df.origin_mix_time)*df.outbound*c_walk ,,,,,,,,,,,,,,,,,,,,,,,,,,,coef_ivt,
util_TNCIN_MIX_Walk_other_time,TNCIN_MIX - Walk other time,@(odt_skims['KNRIN_MIX_XFERWALK'])*df.outbound*c_waux,,,,,,,,,,,,,,,,,,,,,,,,,,,coef_ivt,
util_transit_calib_knr,Transit Calibration KNR,@transit_calib_knr,,,,,,,,,,,,,,,,,,,,,,1,1,1,,,,
util_transit_calib_tnc,Transit Calibration TNC,@transit_calib_tnc,,,,,,,,,,,,,,,,,,,,,,,,,1,1,1,
util_transit_calib_walk,Transit Calibration Walk,@transit_calib_walk,,,,,,,,,,,,,,,,,,,1,1,1,,,,,,,
